2024-03-28 22:27:19.168    app     info:    [migrations] Migrating state from version 202403211101 to 202403211101
2024-03-28 22:27:19.397    app     info:    [self-update] Configuring update feed.
2024-03-28 22:27:19.398    app     info:    [self-update] Update feed set to: https://launcher.ccpgames.com/eve-online/release/win32/x64/
2024-03-28 22:27:19.407    app     info:    Startup arguments    []
2024-03-28 22:27:19.479    app     info:    [self-update] Auto-updating is now enabled
2024-03-28 22:27:19.481    app     info:    [migrations] Migrating state from version 202403211101 to 202403211101
2024-03-28 22:27:19.485    app     info:    [third-party-authentications] Checking for Steam startup
2024-03-28 22:27:19.764    app     info:    [migrations] Migrating secured state from version 202403201100 to 202403201100
2024-03-28 22:27:19.807    app     info:    [elg-events] Queueing event    eve_launcher.electron.application.LauncherStarted
2024-03-28 22:27:19.845    app     info:    [authentication] Token for '16492377' on 'tranquility' is expired, refresh is required
2024-03-28 22:27:19.845    app     info:    [authentication] Refreshing token for '16492377' on 'tranquility'
2024-03-28 22:27:19.846    app     info:    [authentication] Token for '17525312' on 'tranquility' is expired, refresh is required
2024-03-28 22:27:19.846    app     info:    [authentication] Refreshing token for '17525312' on 'tranquility'
2024-03-28 22:27:19.847    app     info:    [authentication] Token for '29280260' on 'tranquility' is expired, refresh is required
2024-03-28 22:27:19.847    app     info:    [authentication] Refreshing token for '29280260' on 'tranquility'
2024-03-28 22:27:19.847    app     info:    [authentication] Token for '18034259' on 'tranquility' is expired, refresh is required
2024-03-28 22:27:19.848    app     info:    [authentication] Refreshing token for '18034259' on 'tranquility'
2024-03-28 22:27:19.848    app     info:    [authentication] Token for '28182799' on 'tranquility' is expired, refresh is required
2024-03-28 22:27:19.848    app     info:    [authentication] Refreshing token for '28182799' on 'tranquility'
2024-03-28 22:27:19.849    app     info:    [authentication] Token for '2110311' on 'tranquility' is expired, refresh is required
2024-03-28 22:27:19.849    app     info:    [authentication] Refreshing token for '2110311' on 'tranquility'
2024-03-28 22:27:19.849    app     info:    [authentication] Token for '23622903' on 'tranquility' is expired, refresh is required
2024-03-28 22:27:19.849    app     info:    [authentication] Refreshing token for '23622903' on 'tranquility'
2024-03-28 22:27:19.862    app     info:    [analytics] Application name:    EVE Online
2024-03-28 22:27:19.862    app     info:    [analytics] Application version:    1.3.3
2024-03-28 22:27:19.862    app     info:    [analytics] Domain    undefined
2024-03-28 22:27:19.864    app     info:    [analytics] Working directory    C:\Games\Steam\steamapps\common\Eve Online\app-1.3.3
2024-03-28 22:27:19.864    app     info:    [analytics] Username contains UTF8?    false
2024-03-28 22:27:20.229    app     info:    [elg-events] Queueing event    eve_launcher.electron.application.PdmLoaded
2024-03-28 22:27:20.237    app     info:    [elg-events] Queueing event    eve_launcher.electron.application.CoreDataLoaded
2024-03-28 22:27:20.240    app     info:    [analytics] Operating system    {
  type: 'Windows',
  name: 'Windows 10 Education',
  version: '10.0 (19045)'
}
2024-03-28 22:27:20.241    app     info:    [analytics] Encryption available:    true
2024-03-28 22:27:20.241    app     info:    [analytics] Machine UUID    4E9F516C-5B97-47C6-8C67-E93D943CB7C8
2024-03-28 22:27:20.241    app     info:    [analytics] PDM Version    2.1.4
2024-03-28 22:27:20.242    app     info:    [analytics] Release channel    release
2024-03-28 22:27:20.242    app     info:    [initializers] Shared cache directory set to    C:\CCP\EVE Online
2024-03-28 22:27:20.256    app     info:    [initializers] Shared cache drive free space: 51,98 GiB / 433,74 GiB
2024-03-28 22:27:20.257    app     info:    [feature-flags] Initializing feature flag client
2024-03-28 22:27:20.264    app     info:    [i18next] Changed language    en
2024-03-28 22:27:20.291    app     info:    [shared-cache] Looking for profiles in 'c_ccp_eve_online_tq_tranquility'...
2024-03-28 22:27:20.291    app     info:    [shared-cache] Looking for profiles in 'c_ccp_eve_online_sisi_singularity'...
2024-03-28 22:27:20.292    app     info:    [shared-cache] Looking for profiles in 'c_ccp_eve_online_thunderdome_thunderdome'...
2024-03-28 22:27:20.299    app     info:    [scheduler] Starting scheduler background
2024-03-28 22:27:20.326    app    error:    (node:4628) MaxListenersExceededWarning: Possible EventEmitter memory leak detected. 11 scheduler/triggered listeners added to [IpcMainImpl]. Use emitter.setMaxListeners() to increase limit
(Use `eve-online --trace-warnings ...` to show where the warning was created)    []
2024-03-28 22:27:20.341    app     info:    [shared-cache] Processed 0 profiles from disk
2024-03-28 22:27:20.362    app     info:    [steam-auth] Steam startup detected
2024-03-28 22:27:20.372    app     info:    [authentication] Generated login URL with state 'tTjW30IV8U4SeisyPVQMFOGvdDFjD-jfL5MCnubID_Q' for 'tranquility' using clientID 'eveLauncherTQ'
2024-03-28 22:27:20.372    app     info:    [third-party-authentications] Done checking third party startups
2024-03-28 22:27:20.402    app     info:    [first-run] Application has been run before: 2024-03-28T11:50:09.863Z
2024-03-28 22:27:20.488    app     info:    [cache-protocol] Found 0 entries to remove
2024-03-28 22:27:20.488    app     info:    [cache-protocol] Nothing to clean up.
2024-03-28 22:27:20.531    app     info:    [elg-events] Event sent    type.evetech.net/eve_launcher.electron.application.LauncherStarted
2024-03-28 22:27:20.533    app     info:    [elg-events] Event sent    type.evetech.net/eve_launcher.electron.application.PdmLoaded
2024-03-28 22:27:20.535    app     info:    [elg-events] Event sent    type.evetech.net/eve_launcher.electron.application.CoreDataLoaded
2024-03-28 22:27:20.572    app     info:    [server-manager] Starting refresh cycle for eve-online / Tranquility
2024-03-28 22:27:20.590    app     info:    [customer-information] Agreements have been updated
2024-03-28 22:27:20.602    app     info:    [customer-information] Agreements have been updated
2024-03-28 22:27:20.640    app     info:    info: [LaunchDarkly] LaunchDarkly client initialized    []
2024-03-28 22:27:20.641    app     info:    info: [LaunchDarkly] Opening stream connection to https://clientstream.launchdarkly.com/eval/64c3d12e27a4b11365012d39/eyJrZXkiOiI0YTQzNmFkYi00Yjk5LTQwYTctODViMC00MmUyMDZmNDEyODYiLCJraW5kIjoidXNlciIsImN1c3RvbSI6eyJpc0ZpcnN0UnVuIjpmYWxzZSwiZGF5c1NpbmNlRmlyc3RSdW4iOjAsImxhbmd1YWdlIjoiZW4iLCJhcHBsaWNhdGlvbiI6ImV2ZS1vbmxpbmUiLCJ2ZXJzaW9uIjoiMS4zLjMiLCJwbGF0Zm9ybSI6IndpbmRvd3MiLCJpc0dlRm9yY2VOb3ciOmZhbHNlLCJvc1ZlcnNpb25EZXByZWNhdGVkIjpmYWxzZSwidXNlcklkcyI6WzE2NDkyMzc3LDI5Nzk1OTc1LDIxMTAzMTEsMjk3OTU5NzVdLCJvbWVnYUNvdW50IjowLCJhbHBoYUNvdW50Ijo4LCJhY2NvdW50Q291bnQiOjgsIm9sZGVzdEFjY291bnRBZ2UiOjYxMDYsInlvdW5nZXN0QWNjb3VudEFnZSI6MH19?withReasons=true    []
2024-03-28 22:27:20.642    app     info:    [feature-flags] Client 4a436adb... ready, fetching flags
2024-03-28 22:27:20.644    app     info:    [self-update] Auto-updating is now enabled
2024-03-28 22:27:20.648    app     info:    [feature-flags] Received 27 flags for client 4a436adb...
2024-03-28 22:27:20.648    app     info:    [feature-flags] Client initialized with key 4a436adb...
2024-03-28 22:27:20.651    app     info:    [self-update] Configuring update feed.
2024-03-28 22:27:20.652    app     info:    [self-update] Update feed set to: https://launcher.ccpgames.com/eve-online/release/win32/x64/
2024-03-28 22:27:20.652    app     info:    [self-update] Auto-updating is now enabled
2024-03-28 22:27:20.653    app     info:    [customer-information] Getting character information for '29795975' on 'tranquility'
2024-03-28 22:27:20.653    app     info:    [customer-information] Getting Omega status for '29795975' on 'tranquility'
2024-03-28 22:27:20.654    app     info:    [virtual-goods] Getting Plex status for '29795975' on 'tranquility'
2024-03-28 22:27:20.687    app     info:    [authentication] Token for '28182799' on 'tranquility' has been successfully refreshed
2024-03-28 22:27:20.690    app     info:    [elg-events] Queueing event    eve_launcher.electron.authentication.UserTokensRefreshed
2024-03-28 22:27:20.709    app     info:    [elg-events] Event sent    type.evetech.net/eve_launcher.electron.authentication.UserTokensRefreshed
2024-03-28 22:27:20.710    app     info:    [customer-information] Getting character information for '28182799' on 'tranquility'
2024-03-28 22:27:20.710    app     info:    [customer-information] Getting Omega status for '28182799' on 'tranquility'
2024-03-28 22:27:20.710    app     info:    [virtual-goods] Getting Plex status for '28182799' on 'tranquility'
2024-03-28 22:27:20.714    app     info:    [authentication] Token for '17525312' on 'tranquility' has been successfully refreshed
2024-03-28 22:27:20.717    app     info:    [elg-events] Queueing event    eve_launcher.electron.authentication.UserTokensRefreshed
2024-03-28 22:27:20.738    app     info:    [customer-information] Getting character information for '17525312' on 'tranquility'
2024-03-28 22:27:20.738    app     info:    [customer-information] Getting Omega status for '17525312' on 'tranquility'
2024-03-28 22:27:20.739    app     info:    [virtual-goods] Getting Plex status for '17525312' on 'tranquility'
2024-03-28 22:27:20.741    app     info:    [authentication] Token for '16492377' on 'tranquility' has been successfully refreshed
2024-03-28 22:27:20.746    app     info:    [elg-events] Queueing event    eve_launcher.electron.authentication.UserTokensRefreshed
2024-03-28 22:27:20.765    app     info:    [customer-information] Getting character information for '16492377' on 'tranquility'
2024-03-28 22:27:20.765    app     info:    [customer-information] Getting Omega status for '16492377' on 'tranquility'
2024-03-28 22:27:20.766    app     info:    [virtual-goods] Getting Plex status for '16492377' on 'tranquility'
2024-03-28 22:27:20.768    app     info:    [authentication] Token for '23622903' on 'tranquility' has been successfully refreshed
2024-03-28 22:27:20.771    app     info:    [elg-events] Queueing event    eve_launcher.electron.authentication.UserTokensRefreshed
2024-03-28 22:27:20.792    app     info:    [customer-information] Getting character information for '23622903' on 'tranquility'
2024-03-28 22:27:20.793    app     info:    [customer-information] Getting Omega status for '23622903' on 'tranquility'
2024-03-28 22:27:20.793    app     info:    [virtual-goods] Getting Plex status for '23622903' on 'tranquility'
2024-03-28 22:27:20.798    app     info:    [authentication] Token for '18034259' on 'tranquility' has been successfully refreshed
2024-03-28 22:27:20.801    app     info:    [elg-events] Queueing event    eve_launcher.electron.authentication.UserTokensRefreshed
2024-03-28 22:27:20.820    app     info:    [customer-information] Getting character information for '18034259' on 'tranquility'
2024-03-28 22:27:20.821    app     info:    [customer-information] Getting Omega status for '18034259' on 'tranquility'
2024-03-28 22:27:20.821    app     info:    [virtual-goods] Getting Plex status for '18034259' on 'tranquility'
2024-03-28 22:27:20.823    app     info:    [authentication] Token for '2110311' on 'tranquility' has been successfully refreshed
2024-03-28 22:27:20.826    app     info:    [elg-events] Queueing event    eve_launcher.electron.authentication.UserTokensRefreshed
2024-03-28 22:27:20.849    app     info:    [customer-information] Getting character information for '2110311' on 'tranquility'
2024-03-28 22:27:20.849    app     info:    [customer-information] Getting Omega status for '2110311' on 'tranquility'
2024-03-28 22:27:20.850    app     info:    [virtual-goods] Getting Plex status for '2110311' on 'tranquility'
2024-03-28 22:27:20.852    app     info:    [authentication] Token for '29280260' on 'tranquility' has been successfully refreshed
2024-03-28 22:27:20.856    app     info:    [elg-events] Queueing event    eve_launcher.electron.authentication.UserTokensRefreshed
2024-03-28 22:27:20.877    app     info:    [customer-information] Getting character information for '29280260' on 'tranquility'
2024-03-28 22:27:20.879    app     info:    [customer-information] Getting Omega status for '29280260' on 'tranquility'
2024-03-28 22:27:20.880    app     info:    [virtual-goods] Getting Plex status for '29280260' on 'tranquility'
2024-03-28 22:27:20.883    app     info:    [elg-events] Event sent    type.evetech.net/eve_launcher.electron.authentication.UserTokensRefreshed
2024-03-28 22:27:20.894    app     info:    [server-manager] Previous Tranquility build: 2532064, current build: 2532064
2024-03-28 22:27:20.895    app     info:    [server-manager] Tranquility build is unchanged.
2024-03-28 22:27:20.903    app     info:    [server-manager] Ready to play!
2024-03-28 22:27:20.909    app     info:    [server-manager] Finished refresh cycle for Tranquility
2024-03-28 22:27:20.913    app     info:    [esi] Fetching character details for 2122197514
2024-03-28 22:27:20.932    app     info:    [elg-events] Event sent    type.evetech.net/eve_launcher.electron.authentication.UserTokensRefreshed
2024-03-28 22:27:20.941    app     info:    [elg-events] Event sent    type.evetech.net/eve_launcher.electron.authentication.UserTokensRefreshed
2024-03-28 22:27:20.950    app     info:    [elg-events] Queueing event    eve_launcher.JourneyLinked
2024-03-28 22:27:20.954    app     info:    [elg-events] Event sent    type.evetech.net/eve_launcher.electron.authentication.UserTokensRefreshed
2024-03-28 22:27:20.958    app     info:    [elg-events] Event sent    type.evetech.net/eve_launcher.electron.authentication.UserTokensRefreshed
2024-03-28 22:27:20.959    app     info:    [elg-events] Event sent    type.evetech.net/eve_launcher.electron.authentication.UserTokensRefreshed
2024-03-28 22:27:20.960    app     info:    [elg-events] Event sent    type.evetech.net/eve_launcher.JourneyLinked
2024-03-28 22:27:20.963    app     info:    [virtual-goods] Fetched Plex status for '29795975' on 'tranquility'
2024-03-28 22:27:20.971    app     info:    [AuthenticationMiddleware] Successfully restored 9 / 9 users
2024-03-28 22:27:21.034    app     info:    [virtual-goods] Fetched Plex status for '16492377' on 'tranquility'
2024-03-28 22:27:21.042    app     info:    [virtual-goods] Fetched Plex status for '18034259' on 'tranquility'
2024-03-28 22:27:21.052    app     info:    [virtual-goods] Fetched Plex status for '28182799' on 'tranquility'
2024-03-28 22:27:21.063    app     info:    [virtual-goods] Fetched Plex status for '17525312' on 'tranquility'
2024-03-28 22:27:21.072    app     info:    [virtual-goods] Fetched Plex status for '2110311' on 'tranquility'
2024-03-28 22:27:21.093    app     info:    [esi] Fetching character details for 2113875139, 2121174871
2024-03-28 22:27:21.106    app     info:    [esi] Fetching character details for 2114656127, 2121178396
2024-03-28 22:27:21.125    app     info:    [AuthenticationMiddleware] User information updated
2024-03-28 22:27:21.127    app     info:    [esi] Fetching character details for 2115031890, 2121177973
2024-03-28 22:27:21.138    app     info:    [AuthenticationMiddleware] User information updated
2024-03-28 22:27:21.155    app     info:    [AuthenticationMiddleware] User information updated
2024-03-28 22:27:21.157    app     info:    [esi] Fetching character details for 578564394, 2115457291
2024-03-28 22:27:21.170    app     info:    [esi] Fetching character details for 2121174545
2024-03-28 22:27:21.179    app     info:    [AuthenticationMiddleware] User information updated
2024-03-28 22:27:21.187    app     info:    [AuthenticationMiddleware] User information updated
2024-03-28 22:27:21.192    app     info:    [esi] Fetching character details for 2121853336
2024-03-28 22:27:21.206    app     info:    [esi] Fetching character details for 2118248041, 2121175776
2024-03-28 22:27:21.223    app     info:    [signup-ipc] Exchanged signup token for token pair.
2024-03-28 22:27:21.226    app     info:    [elg-events] Queueing event    eve_launcher.electron.authentication.UserTokensReceived
2024-03-28 22:27:21.226    app     info:    [signup-ipc] Received user tokens from signup service.    { tenant: 'tranquility', userId: 29797650 }
2024-03-28 22:27:21.237    app     info:    [server-manager] Starting refresh cycle for eve-online / Tranquility
2024-03-28 22:27:21.266    app     warn:    [ipc-requests] Main window asked to focus, but not available
2024-03-28 22:27:21.267    app     info:    [elg-events] Event sent    type.evetech.net/eve_launcher.electron.authentication.UserTokensReceived
2024-03-28 22:27:21.272    app     info:    [customer-information] Getting character information for '29797650' on 'tranquility'
2024-03-28 22:27:21.272    app     info:    [customer-information] Getting Omega status for '29797650' on 'tranquility'
2024-03-28 22:27:21.272    app     info:    [virtual-goods] Getting Plex status for '29797650' on 'tranquility'
2024-03-28 22:27:21.286    app     info:    [virtual-goods] Fetched Plex status for '23622903' on 'tranquility'
2024-03-28 22:27:21.293    app     info:    [AuthenticationMiddleware] User information updated
2024-03-28 22:27:21.322    app     info:    [elg-events] Queueing event    eve_launcher.electron.application.RendererLoaded
2024-03-28 22:27:21.322    app     info:    [elg-events] Event sent    type.evetech.net/eve_launcher.electron.application.RendererLoaded
2024-03-28 22:27:21.331    app     info:    [scheduler] Starting scheduler foreground
2024-03-28 22:27:21.354    app     info:    [content-delivery-trace] Fetching CDN trace data from https://binaries.eveonline.com/cdn-cgi/trace
2024-03-28 22:27:21.366    app     info:    [creatives] Requesting creatives
2024-03-28 22:27:21.367    app     info:    [customer-information] Getting character information for '29797650' on 'tranquility'
2024-03-28 22:27:21.367    app     info:    [customer-information] Getting Omega status for '29797650' on 'tranquility'
2024-03-28 22:27:21.368    app     info:    [virtual-goods] Getting Plex status for '29797650' on 'tranquility'
2024-03-28 22:27:21.390    app     info:    [main-window] Registering main window    { windowId: 2 }
2024-03-28 22:27:21.392    app     info:    [authentication-handler] Creating login window using URI https://login.eveonline.com/account/logoff?lang=en&ReturnUrl=%2Fv2%2Foauth%2Fauthorize%3Fresponse_type%3Dcode%26client_id%3DeveLauncherTQ%26scope%3DeveClientLogin%2Bcisservice.customerRead.v1%2Bcisservice.customerWrite.v1%2Bcisservice.userProfileBasic.v1%2Bvgs.transactionRead.v1%2Bvgs.marketAccess.v1%26redirect_uri%3Dhttps%253A%252F%252Flogin.eveonline.com%252Flauncher%253Fclient_id%253DeveLauncherTQ%26state%3DtTjW30IV8U4SeisyPVQMFOGvdDFjD-jfL5MCnubID_Q%26code_challenge_method%3DS256%26code_challenge%3D_iaORMbW4J2BAJ5iRQryf-PnbsAEDKJxuCccI3uK_KM%26steam_ticket%3D1400000027dce168d18ab3ce1bd7f11a01001001bdee0566180000000100000002000000497e986e9670e7bf1e36000001000000b200000032000000040000001bd7f11a0100100134210000726473b0ad01a8c0000000005a570566da06216601002f220200000000004e6c315e8673ffcaf8efa67467ae7785db04f9e2e66eb066e63b10a454708c2ec5fe55655c5a09ba5af247239d8aadc0d446465661c4563b86b4bce4ffa04211f3dbee3b05fca8a8bc53feeceed39c66b41dd321b01a7aff49f46fb32e2f082de8a1b7a222e470f92c886bf8bba78d47e94ca14cad73aba7619e757449686f69
2024-03-28 22:27:21.422     ui     info:    [i18next] Requesting missing translation en readnought title title    ccp://launcher/renderer/main_window/index.js    2
2024-03-28 22:27:21.433    app     info:    [virtual-goods] Fetched Plex status for '29280260' on 'tranquility'
2024-03-28 22:27:21.441    app     info:    [AuthenticationMiddleware] User information updated
2024-03-28 22:27:21.441    app     info:    [virtual-goods] Fetched Plex status for '29797650' on 'tranquility'
2024-03-28 22:27:21.455    app     info:    [server-manager] Previous Tranquility build: 2532064, current build: 2532064
2024-03-28 22:27:21.455    app     info:    [server-manager] Tranquility build is unchanged.
2024-03-28 22:27:21.463    app     info:    [server-manager] Ready to play!
2024-03-28 22:27:21.468    app     info:    [server-manager] Finished refresh cycle for Tranquility
2024-03-28 22:27:21.500    app     info:    [customer-information] Agreement status has been fetched for user '29797650'
2024-03-28 22:27:21.510    app     info:    [AuthenticationMiddleware] User information updated
2024-03-28 22:27:21.575    app     info:    info: [LaunchDarkly] Closing stream connection    []
2024-03-28 22:27:21.576    app     info:    info: [LaunchDarkly] Opening stream connection to https://clientstream.launchdarkly.com/eval/64c3d12e27a4b11365012d39/eyJrZXkiOiI0YTQzNmFkYi00Yjk5LTQwYTctODViMC00MmUyMDZmNDEyODYiLCJraW5kIjoidXNlciIsImN1c3RvbSI6eyJpc0ZpcnN0UnVuIjpmYWxzZSwiZGF5c1NpbmNlRmlyc3RSdW4iOjAsImxhbmd1YWdlIjoiZW4iLCJhcHBsaWNhdGlvbiI6ImV2ZS1vbmxpbmUiLCJ2ZXJzaW9uIjoiMS4zLjMiLCJwbGF0Zm9ybSI6IndpbmRvd3MiLCJpc0dlRm9yY2VOb3ciOmZhbHNlLCJvc1ZlcnNpb25EZXByZWNhdGVkIjpmYWxzZSwidXNlcklkcyI6WzE2NDkyMzc3LDI5Nzk3NjUwLDIxMTAzMTEsMjk3OTU5NzVdLCJvbWVnYUNvdW50IjowLCJhbHBoYUNvdW50Ijo5LCJhY2NvdW50Q291bnQiOjksIm9sZGVzdEFjY291bnRBZ2UiOjYxMDYsInlvdW5nZXN0QWNjb3VudEFnZSI6MH19?withReasons=true    []
2024-03-28 22:27:21.581    app     info:    [jukebox] Fetched 2 jukebox playlists
2024-03-28 22:27:21.621    app     info:    [virtual-goods] Fetched Plex status for '29797650' on 'tranquility'
2024-03-28 22:27:21.630    app     info:    [creatives] Received 2 creatives
2024-03-28 22:27:21.734    app     info:    [esi] Fetched 1 character details for 29795975
2024-03-28 22:27:21.813    app     info:    [esi] Fetched 1 character details for 28182799
2024-03-28 22:27:21.817    app     info:    [esi] Fetched 2 character details for 2110311
2024-03-28 22:27:21.833    app     info:    [esi] Fetched 2 character details for 17525312
2024-03-28 22:27:21.837    app     info:    [esi] Fetched 2 character details for 16492377
2024-03-28 22:27:21.853    app     info:    [esi] Fetched 2 character details for 18034259
2024-03-28 22:27:21.877    app     info:    [esi] Fetched 1 character details for 29280260
2024-03-28 22:27:21.893    app     info:    [esi] Fetched 2 character details for 23622903
2024-03-28 22:27:22.138    app     info:    [elg-events] Queueing event    eve_launcher.electron.authentication.UserAuthenticated
2024-03-28 22:27:22.139    app     info:    [authentication-handler] Navigation to login completed, receiving code & state    {
  state: 'tTjW30IV8U4SeisyPVQMFOGvdDFjD-jfL5MCnubID_Q',
  code: 'Pg4Lu1JqmEyiXMKsZ8FSMw'
}
2024-03-28 22:27:22.142    app     info:    [elg-events] Queueing event    eve_launcher.electron.authentication.LoginWindowClosed
2024-03-28 22:27:22.149    app     info:    [elg-events] Event sent    type.evetech.net/eve_launcher.electron.authentication.UserAuthenticated
2024-03-28 22:27:22.155    app     info:    [elg-events] Event sent    type.evetech.net/eve_launcher.electron.authentication.LoginWindowClosed
2024-03-28 22:27:22.272    app     info:    [elg-events] Queueing event    eve_launcher.electron.authentication.UserTokensReceived
2024-03-28 22:27:22.293    app     info:    [elg-events] Event sent    type.evetech.net/eve_launcher.electron.authentication.UserTokensReceived
2024-03-28 22:27:22.315    app     info:    [AuthenticationMiddleware] User information updated
2024-03-28 22:27:23.393     ui     info:    Initializing captcha    ccp://launcher/renderer/main_window/index.js    2
2024-03-28 22:27:23.848     ui     warn:    Deprecated API for given entry type.    https://www.gstatic.com/recaptcha/releases/moV1mTgQ6S91nuTnmll4Y9yf/recaptcha__en.js    536
2024-03-28 22:27:24.705    app     info:    [analytics] Hardware rendering enabled:    true    { disabledViaCommandline: false, disabledViaSettings: false }
2024-03-28 22:27:24.915    app     info:    [customer-information] Agreement marked as agreed for '29797650'
2024-03-28 22:27:24.916    app     info:    [AuthenticationMiddleware] Updated agreements for 1 users.    { success: 1, failed: [] }
2024-03-28 22:27:26.353    app     info:    [self-update] Checking for application updates.
2024-03-28 22:27:26.560    app     info:    info: [LaunchDarkly] Closing stream connection    []
2024-03-28 22:27:26.561    app     info:    info: [LaunchDarkly] Opening stream connection to https://clientstream.launchdarkly.com/eval/64c3d12e27a4b11365012d39/eyJrZXkiOiI0YTQzNmFkYi00Yjk5LTQwYTctODViMC00MmUyMDZmNDEyODYiLCJraW5kIjoidXNlciIsImN1c3RvbSI6eyJpc0ZpcnN0UnVuIjpmYWxzZSwiZGF5c1NpbmNlRmlyc3RSdW4iOjAsImxhbmd1YWdlIjoiZW4iLCJhcHBsaWNhdGlvbiI6ImV2ZS1vbmxpbmUiLCJ2ZXJzaW9uIjoiMS4zLjMiLCJwbGF0Zm9ybSI6IndpbmRvd3MiLCJpc0dlRm9yY2VOb3ciOmZhbHNlLCJvc1ZlcnNpb25EZXByZWNhdGVkIjpmYWxzZSwidXNlcklkcyI6WzE2NDkyMzc3LDI5Nzk3NjUwLDIxMTAzMTEsMjk3OTc2NTBdLCJvbWVnYUNvdW50IjowLCJhbHBoYUNvdW50Ijo5LCJhY2NvdW50Q291bnQiOjksIm9sZGVzdEFjY291bnRBZ2UiOjYxMDYsInlvdW5nZXN0QWNjb3VudEFnZSI6MH19?withReasons=true    []
2024-03-28 22:27:27.184    app     info:    [self-update] No application updates were found.
2024-03-28 22:27:38.833    app     info:    [client-queue] Queued client startup    {
  product: 'eve-online',
  tenant: 'tranquility',
  userId: 29797650,
  characterId: 1,
  profile: ''
}
2024-03-28 22:27:38.837    app     info:    [elg-events] Queueing event    eve_launcher.electron.eve_client.ClientQueued
2024-03-28 22:27:38.838    app     info:    [client-queue] No clients running for tranquility, copying files before starting a client
2024-03-28 22:27:38.839    app     info:    [elg-events] Event sent    type.evetech.net/eve_launcher.electron.eve_client.ClientQueued
2024-03-28 22:27:38.847    app     info:    [elg-events] Queueing event    eve_launcher.electron.eve_client.CopyingFilesStarted
2024-03-28 22:27:38.848    app     info:    [binary-copier] Copying 195 files (230 MB) to 'C:\CCP\EVE Online\tq'
2024-03-28 22:27:38.848    app     info:    [elg-events] Event sent    type.evetech.net/eve_launcher.electron.eve_client.CopyingFilesStarted
2024-03-28 22:27:38.873    app     info:    [binary-copier] Removing old binaries
2024-03-28 22:27:38.894    app     info:    [binary-copier] Copying binaries from ResFiles
2024-03-28 22:27:39.386    app     info:    [binary-copier] Finished copying 195 files to 'C:\CCP\EVE Online\tq' in 0.543 seconds
2024-03-28 22:27:39.390    app     info:    [elg-events] Queueing event    eve_launcher.electron.eve_client.CopyingFilesFinished
2024-03-28 22:27:39.390    app     info:    [elg-events] Event sent    type.evetech.net/eve_launcher.electron.eve_client.CopyingFilesFinished
2024-03-28 22:27:39.400    app     info:    [client-manager] Starting EVE Online game client.    C:\CCP\EVE Online\tq\bin64\exefile.exe    [
  '/noconsole',
  '/server:tranquility.servers.eveonline.com',
  '/ssoToken=***',
  '/refreshToken=***',
  '/settingsprofile=Default',
  '/language=en',
  '/triplatform=dx12',
  '/steamUser',
  '/deviceID=***',
  '/machineHash=***',
  'exp=1711751209',
  'tokenExpires=2024-03-30 00:26:49.000'
]    29797650
2024-03-28 22:27:39.405    app     info:    [elg-events] Queueing event    eve_launcher.electron.eve_client.GameClientStartRequested
2024-03-28 22:27:39.423    app     info:    [elg-events] Queueing event    eve_launcher.electron.eve_client.TemporaryClientProcessAdded
2024-03-28 22:27:39.428    app     info:    [client-manager] Found 'tranquility' client for '29797650' running:     {
  processId: 11228,
  createdDate: 1711664859412,
  userId: 29797650,
  characterId: undefined,
  profile: 'Default',
  dxVersion: 'dx12'
}
2024-03-28 22:27:39.443    app     info:    [elg-events] Queueing event    eve_launcher.electron.eve_client.GameClientStarted
2024-03-28 22:27:39.453    app     info:    [elg-events] Queueing event    eve_launcher.electron.eve_client.TemporaryClientProcessRemoved
2024-03-28 22:27:39.454    app     info:    [elg-events] Event sent    type.evetech.net/eve_launcher.electron.eve_client.GameClientStartRequested
2024-03-28 22:27:39.454    app     info:    [client-queue] Started client from group startup    {
  product: 'eve-online',
  tenant: 'tranquility',
  characterId: 1,
  profile: '',
  userId: 29797650
}
2024-03-28 22:27:39.462    app     info:    [elg-events] Event sent    type.evetech.net/eve_launcher.electron.eve_client.TemporaryClientProcessAdded
2024-03-28 22:27:39.462    app     info:    [elg-events] Event sent    type.evetech.net/eve_launcher.electron.eve_client.GameClientStarted
2024-03-28 22:27:39.463    app     info:    [elg-events] Event sent    type.evetech.net/eve_launcher.electron.eve_client.TemporaryClientProcessRemoved
2024-03-28 22:27:39.969    app     info:    [elg-events] Queueing event    eve_launcher.electron.eve_client.TemporaryClientProcessMonitoringStopped
2024-03-28 22:27:39.970    app     info:    [elg-events] Event sent    type.evetech.net/eve_launcher.electron.eve_client.TemporaryClientProcessMonitoringStopped
2024-03-28 22:27:40.465    app     info:    [client-queue] Queue has stopped running, no more clients pending startup.
2024-03-28 22:27:50.600    app     warn:    Could not connect to LogLite    [
  Error: connect ECONNREFUSED 127.0.0.1:3273
      at TCPConnectWrap.afterConnect [as oncomplete] (node:net:1247:16) {
    errno: -4078,
    code: 'ECONNREFUSED',
    syscall: 'connect',
    address: '127.0.0.1',
    port: 3273
  }
]
2024-03-28 22:27:55.662    app     info:    [scheduler] Stopped scheduler foreground
2024-03-28 22:27:55.663    app     info:    [ipc-requests] Handling requests in the background
2024-03-28 22:27:56.664    app     info:    [ipc-requests] No longer handling requests in the background
2024-03-28 22:32:21.472    app     info:    [server-manager] Starting refresh cycle for eve-online / Tranquility
2024-03-28 22:32:21.612    app     info:    [server-manager] Previous Tranquility build: 2532064, current build: 2532064
2024-03-28 22:32:21.612    app     info:    [server-manager] Tranquility build is unchanged.
2024-03-28 22:32:21.623    app     info:    [server-manager] Ready to play!
2024-03-28 22:32:21.630    app     info:    [server-manager] Finished refresh cycle for Tranquility
2024-03-28 22:37:21.634    app     info:    [server-manager] Starting refresh cycle for eve-online / Tranquility
2024-03-28 22:37:21.789    app     info:    [server-manager] Previous Tranquility build: 2532064, current build: 2532064
2024-03-28 22:37:21.789    app     info:    [server-manager] Tranquility build is unchanged.
2024-03-28 22:37:21.798    app     info:    [server-manager] Ready to play!
2024-03-28 22:37:21.804    app     info:    [server-manager] Finished refresh cycle for Tranquility
2024-03-28 22:42:21.808    app     info:    [server-manager] Starting refresh cycle for eve-online / Tranquility
2024-03-28 22:42:21.977    app     info:    [server-manager] Previous Tranquility build: 2532064, current build: 2532064
2024-03-28 22:42:21.977    app     info:    [server-manager] Tranquility build is unchanged.
2024-03-28 22:42:21.986    app     info:    [server-manager] Ready to play!
2024-03-28 22:42:21.992    app     info:    [server-manager] Finished refresh cycle for Tranquility
2024-03-28 22:47:21.995    app     info:    [server-manager] Starting refresh cycle for eve-online / Tranquility
2024-03-28 22:47:22.130    app     info:    [server-manager] Previous Tranquility build: 2532064, current build: 2532064
2024-03-28 22:47:22.130    app     info:    [server-manager] Tranquility build is unchanged.
2024-03-28 22:47:22.139    app     info:    [server-manager] Ready to play!
2024-03-28 22:47:22.145    app     info:    [server-manager] Finished refresh cycle for Tranquility
2024-03-28 22:48:56.281    app     info:    [client-manager] 'tranquility' for EVE game client for '29797650' exited with no errors.
2024-03-28 22:48:56.285    app     info:    [elg-events] Queueing event    eve_launcher.electron.eve_client.GameClientExited
2024-03-28 22:48:56.302    app     info:    [server-manager] Starting refresh cycle for eve-online / Tranquility
2024-03-28 22:48:56.455    app     info:    [server-manager] Previous Tranquility build: 2532064, current build: 2532064
2024-03-28 22:48:56.456    app     info:    [server-manager] Tranquility build is unchanged.
2024-03-28 22:48:56.465    app     info:    [server-manager] Ready to play!
2024-03-28 22:48:56.472    app     info:    [server-manager] Finished refresh cycle for Tranquility
2024-03-28 22:48:56.474    app     info:    [elg-events] Event sent    type.evetech.net/eve_launcher.electron.eve_client.GameClientExited
2024-03-28 22:50:17.683    app     info:    [scheduler] Starting scheduler foreground
2024-03-28 22:50:22.708    app     info:    [self-update] Checking for application updates.
2024-03-28 22:50:23.108    app     info:    [self-update] No application updates were found.
2024-03-28 22:51:03.194    app     info:    [client-queue] Queued client startup    {
  product: 'eve-online',
  tenant: 'tranquility',
  userId: 29797650,
  characterId: 1,
  profile: ''
}
2024-03-28 22:51:03.198    app     info:    [elg-events] Queueing event    eve_launcher.electron.eve_client.ClientQueued
2024-03-28 22:51:03.199    app     info:    [client-queue] No clients running for tranquility, copying files before starting a client
2024-03-28 22:51:03.199    app     info:    [elg-events] Event sent    type.evetech.net/eve_launcher.electron.eve_client.ClientQueued
2024-03-28 22:51:03.205    app     info:    [elg-events] Queueing event    eve_launcher.electron.eve_client.CopyingFilesStarted
2024-03-28 22:51:03.205    app     info:    [binary-copier] Copying 195 files (230 MB) to 'C:\CCP\EVE Online\tq'
2024-03-28 22:51:03.206    app     info:    [elg-events] Event sent    type.evetech.net/eve_launcher.electron.eve_client.CopyingFilesStarted
2024-03-28 22:51:03.228    app     info:    [binary-copier] Removing old binaries
2024-03-28 22:51:03.258    app     info:    [binary-copier] Copying binaries from ResFiles
2024-03-28 22:51:03.648    app     info:    [binary-copier] Finished copying 195 files to 'C:\CCP\EVE Online\tq' in 0.446 seconds
2024-03-28 22:51:03.652    app     info:    [elg-events] Queueing event    eve_launcher.electron.eve_client.CopyingFilesFinished
2024-03-28 22:51:03.652    app     info:    [elg-events] Event sent    type.evetech.net/eve_launcher.electron.eve_client.CopyingFilesFinished
2024-03-28 22:51:03.661    app     info:    [client-manager] Starting EVE Online game client.    C:\CCP\EVE Online\tq\bin64\exefile.exe    [
  '/noconsole',
  '/server:tranquility.servers.eveonline.com',
  '/ssoToken=***',
  '/refreshToken=***',
  '/settingsprofile=Default',
  '/language=en',
  '/triplatform=dx12',
  '/steamUser',
  '/deviceID=***',
  '/machineHash=***',
  'exp=1711751209',
  'tokenExpires=2024-03-30 00:26:49.000'
]    29797650
2024-03-28 22:51:03.665    app     info:    [elg-events] Queueing event    eve_launcher.electron.eve_client.GameClientStartRequested
2024-03-28 22:51:03.686    app     info:    [elg-events] Queueing event    eve_launcher.electron.eve_client.TemporaryClientProcessAdded
2024-03-28 22:51:03.690    app     info:    [client-manager] Found 'tranquility' client for '29797650' running:     {
  processId: 5052,
  createdDate: 1711666263674,
  userId: 29797650,
  characterId: undefined,
  profile: 'Default',
  dxVersion: 'dx12'
}
2024-03-28 22:51:03.702    app     info:    [elg-events] Queueing event    eve_launcher.electron.eve_client.GameClientStarted
2024-03-28 22:51:03.712    app     info:    [elg-events] Queueing event    eve_launcher.electron.eve_client.TemporaryClientProcessRemoved
2024-03-28 22:51:03.713    app     info:    [elg-events] Event sent    type.evetech.net/eve_launcher.electron.eve_client.GameClientStartRequested
2024-03-28 22:51:03.713    app     info:    [client-queue] Started client from group startup    {
  product: 'eve-online',
  tenant: 'tranquility',
  characterId: 1,
  profile: '',
  userId: 29797650
}
2024-03-28 22:51:03.721    app     info:    [elg-events] Event sent    type.evetech.net/eve_launcher.electron.eve_client.TemporaryClientProcessAdded
2024-03-28 22:51:03.721    app     info:    [elg-events] Event sent    type.evetech.net/eve_launcher.electron.eve_client.GameClientStarted
2024-03-28 22:51:03.723    app     info:    [elg-events] Event sent    type.evetech.net/eve_launcher.electron.eve_client.TemporaryClientProcessRemoved
2024-03-28 22:51:04.217    app     info:    [elg-events] Queueing event    eve_launcher.electron.eve_client.TemporaryClientProcessMonitoringStopped
2024-03-28 22:51:04.218    app     info:    [elg-events] Event sent    type.evetech.net/eve_launcher.electron.eve_client.TemporaryClientProcessMonitoringStopped
2024-03-28 22:51:04.728    app     info:    [client-queue] Queue has stopped running, no more clients pending startup.
2024-03-28 22:51:25.870    app     info:    [scheduler] Stopped scheduler foreground
2024-03-28 22:51:25.871    app     info:    [ipc-requests] Handling requests in the background
2024-03-28 22:51:26.872    app     info:    [ipc-requests] No longer handling requests in the background
2024-03-28 22:51:38.570    app     info:    [scheduler] Starting scheduler foreground
2024-03-28 22:51:39.102    app     info:    [scheduler] Stopped scheduler foreground
2024-03-28 22:51:39.103    app     info:    [ipc-requests] Handling requests in the background
2024-03-28 22:51:40.103    app     info:    [ipc-requests] No longer handling requests in the background
2024-03-28 22:53:56.475    app     info:    [server-manager] Starting refresh cycle for eve-online / Tranquility
2024-03-28 22:53:56.650    app     info:    [server-manager] Previous Tranquility build: 2532064, current build: 2532064
2024-03-28 22:53:56.650    app     info:    [server-manager] Tranquility build is unchanged.
2024-03-28 22:53:56.659    app     info:    [server-manager] Ready to play!
2024-03-28 22:53:56.665    app     info:    [server-manager] Finished refresh cycle for Tranquility
2024-03-28 22:58:56.668    app     info:    [server-manager] Starting refresh cycle for eve-online / Tranquility
2024-03-28 22:58:56.791    app     info:    [server-manager] Previous Tranquility build: 2532064, current build: 2532064
2024-03-28 22:58:56.791    app     info:    [server-manager] Tranquility build is unchanged.
2024-03-28 22:58:56.801    app     info:    [server-manager] Ready to play!
2024-03-28 22:58:56.807    app     info:    [server-manager] Finished refresh cycle for Tranquility
2024-03-28 23:03:56.811    app     info:    [server-manager] Starting refresh cycle for eve-online / Tranquility
2024-03-28 23:03:56.925    app     info:    [server-manager] Previous Tranquility build: 2532064, current build: 2532064
2024-03-28 23:03:56.926    app     info:    [server-manager] Tranquility build is unchanged.
2024-03-28 23:03:56.935    app     info:    [server-manager] Ready to play!
2024-03-28 23:03:56.941    app     info:    [server-manager] Finished refresh cycle for Tranquility
2024-03-28 23:08:56.946    app     info:    [server-manager] Starting refresh cycle for eve-online / Tranquility
2024-03-28 23:08:57.089    app     info:    [server-manager] Previous Tranquility build: 2532064, current build: 2532064
2024-03-28 23:08:57.089    app     info:    [server-manager] Tranquility build is unchanged.
2024-03-28 23:08:57.098    app     info:    [server-manager] Ready to play!
2024-03-28 23:08:57.104    app     info:    [server-manager] Finished refresh cycle for Tranquility
2024-03-28 23:12:37.809    app     info:    [scheduler] Starting scheduler foreground
2024-03-28 23:12:38.159    app     info:    [scheduler] Stopped scheduler foreground
2024-03-28 23:12:38.160    app     info:    [ipc-requests] Handling requests in the background
2024-03-28 23:12:38.182    app     info:    [scheduler] Starting scheduler foreground
2024-03-28 23:12:38.287    app     info:    [client-manager] 'tranquility' for EVE game client for '29797650' exited with no errors.
2024-03-28 23:12:38.291    app     info:    [elg-events] Queueing event    eve_launcher.electron.eve_client.GameClientExited
2024-03-28 23:12:38.305    app     info:    [server-manager] Starting refresh cycle for eve-online / Tranquility
2024-03-28 23:12:38.450    app     info:    [server-manager] Previous Tranquility build: 2532064, current build: 2532064
2024-03-28 23:12:38.450    app     info:    [server-manager] Tranquility build is unchanged.
2024-03-28 23:12:38.460    app     info:    [server-manager] Ready to play!
2024-03-28 23:12:38.466    app     info:    [server-manager] Finished refresh cycle for Tranquility
2024-03-28 23:12:38.471    app     info:    [elg-events] Event sent    type.evetech.net/eve_launcher.electron.eve_client.GameClientExited
2024-03-28 23:12:38.554    app     info:    [scheduler] Stopped scheduler foreground
2024-03-28 23:12:38.555    app     info:    [ipc-requests] Handling requests in the background
2024-03-28 23:12:39.162    app     info:    [ipc-requests] No longer handling requests in the background
2024-03-28 23:12:39.556    app     info:    [ipc-requests] No longer handling requests in the background
2024-03-28 23:12:42.836    app     info:    [self-update] Checking for application updates.
2024-03-28 23:12:43.247    app     info:    [self-update] No application updates were found.
2024-03-28 23:12:54.661    app     info:    [scheduler] Starting scheduler foreground
2024-03-28 23:13:00.046    app     info:    [client-queue] Queued client startup    {
  product: 'eve-online',
  tenant: 'tranquility',
  userId: 29797650,
  characterId: 1,
  profile: ''
}
2024-03-28 23:13:00.049    app     info:    [elg-events] Queueing event    eve_launcher.electron.eve_client.ClientQueued
2024-03-28 23:13:00.050    app     info:    [client-queue] No clients running for tranquility, copying files before starting a client
2024-03-28 23:13:00.050    app     info:    [elg-events] Event sent    type.evetech.net/eve_launcher.electron.eve_client.ClientQueued
2024-03-28 23:13:00.056    app     info:    [elg-events] Queueing event    eve_launcher.electron.eve_client.CopyingFilesStarted
2024-03-28 23:13:00.056    app     info:    [binary-copier] Copying 195 files (230 MB) to 'C:\CCP\EVE Online\tq'
2024-03-28 23:13:00.057    app     info:    [elg-events] Event sent    type.evetech.net/eve_launcher.electron.eve_client.CopyingFilesStarted
2024-03-28 23:13:00.078    app     info:    [binary-copier] Removing old binaries
2024-03-28 23:13:00.109    app     info:    [binary-copier] Copying binaries from ResFiles
2024-03-28 23:13:00.498    app     info:    [binary-copier] Finished copying 195 files to 'C:\CCP\EVE Online\tq' in 0.446 seconds
2024-03-28 23:13:00.502    app     info:    [elg-events] Queueing event    eve_launcher.electron.eve_client.CopyingFilesFinished
2024-03-28 23:13:00.502    app     info:    [elg-events] Event sent    type.evetech.net/eve_launcher.electron.eve_client.CopyingFilesFinished
2024-03-28 23:13:00.511    app     info:    [client-manager] Starting EVE Online game client.    C:\CCP\EVE Online\tq\bin64\exefile.exe    [
  '/noconsole',
  '/server:tranquility.servers.eveonline.com',
  '/ssoToken=***',
  '/refreshToken=***',
  '/settingsprofile=Default',
  '/language=en',
  '/triplatform=dx12',
  '/steamUser',
  '/deviceID=***',
  '/machineHash=***',
  'exp=1711751209',
  'tokenExpires=2024-03-30 00:26:49.000'
]    29797650
2024-03-28 23:13:00.515    app     info:    [elg-events] Queueing event    eve_launcher.electron.eve_client.GameClientStartRequested
2024-03-28 23:13:00.534    app     info:    [elg-events] Queueing event    eve_launcher.electron.eve_client.TemporaryClientProcessAdded
2024-03-28 23:13:00.538    app     info:    [client-manager] Found 'tranquility' client for '29797650' running:     {
  processId: 10124,
  createdDate: 1711667580523,
  userId: 29797650,
  characterId: undefined,
  profile: 'Default',
  dxVersion: 'dx12'
}
2024-03-28 23:13:00.554    app     info:    [elg-events] Queueing event    eve_launcher.electron.eve_client.GameClientStarted
2024-03-28 23:13:00.565    app     info:    [elg-events] Queueing event    eve_launcher.electron.eve_client.TemporaryClientProcessRemoved
2024-03-28 23:13:00.565    app     info:    [elg-events] Event sent    type.evetech.net/eve_launcher.electron.eve_client.GameClientStartRequested
2024-03-28 23:13:00.565    app     info:    [client-queue] Started client from group startup    {
  product: 'eve-online',
  tenant: 'tranquility',
  characterId: 1,
  profile: '',
  userId: 29797650
}
2024-03-28 23:13:00.572    app     info:    [elg-events] Event sent    type.evetech.net/eve_launcher.electron.eve_client.TemporaryClientProcessAdded
2024-03-28 23:13:00.573    app     info:    [elg-events] Event sent    type.evetech.net/eve_launcher.electron.eve_client.GameClientStarted
2024-03-28 23:13:00.575    app     info:    [elg-events] Event sent    type.evetech.net/eve_launcher.electron.eve_client.TemporaryClientProcessRemoved
2024-03-28 23:13:01.077    app     info:    [elg-events] Queueing event    eve_launcher.electron.eve_client.TemporaryClientProcessMonitoringStopped
2024-03-28 23:13:01.077    app     info:    [elg-events] Event sent    type.evetech.net/eve_launcher.electron.eve_client.TemporaryClientProcessMonitoringStopped
2024-03-28 23:13:01.578    app     info:    [client-queue] Queue has stopped running, no more clients pending startup.
2024-03-28 23:13:03.276    app     info:    [ipc-requests] Opening external link: https://engine2.extccp.com/c
2024-03-28 23:13:03.446    app     info:    [scheduler] Stopped scheduler foreground
2024-03-28 23:13:03.447    app     info:    [ipc-requests] Handling requests in the background
2024-03-28 23:13:04.448    app     info:    [ipc-requests] No longer handling requests in the background
2024-03-28 23:13:26.185    app     info:    [scheduler] Starting scheduler foreground
2024-03-28 23:13:26.435    app     info:    [scheduler] Stopped scheduler foreground
2024-03-28 23:13:26.435    app     info:    [ipc-requests] Handling requests in the background
2024-03-28 23:13:26.585    app     info:    [scheduler] Starting scheduler foreground
2024-03-28 23:13:27.436    app     info:    [ipc-requests] No longer handling requests in the background
2024-03-28 23:13:36.098    app     info:    [scheduler] Stopped scheduler foreground
2024-03-28 23:13:36.099    app     info:    [ipc-requests] Handling requests in the background
2024-03-28 23:13:36.332    app     info:    [client-manager] 'tranquility' for EVE game client for '29797650' exited with no errors.
2024-03-28 23:13:36.336    app     info:    [elg-events] Queueing event    eve_launcher.electron.eve_client.GameClientExited
2024-03-28 23:13:36.351    app     info:    [server-manager] Starting refresh cycle for eve-online / Tranquility
2024-03-28 23:13:36.355    app     info:    [elg-events] Event sent    type.evetech.net/eve_launcher.electron.eve_client.GameClientExited
2024-03-28 23:13:36.484    app     info:    [server-manager] Previous Tranquility build: 2532064, current build: 2532064
2024-03-28 23:13:36.484    app     info:    [server-manager] Tranquility build is unchanged.
2024-03-28 23:13:36.494    app     info:    [server-manager] Ready to play!
2024-03-28 23:13:36.500    app     info:    [server-manager] Finished refresh cycle for Tranquility
2024-03-28 23:13:37.100    app     info:    [ipc-requests] No longer handling requests in the background
2024-03-28 23:13:37.690    app     info:    [scheduler] Starting scheduler foreground
2024-03-28 23:13:39.284    app     info:    [client-queue] Queued client startup    {
  product: 'eve-online',
  tenant: 'tranquility',
  userId: 29797650,
  characterId: 1,
  profile: ''
}
2024-03-28 23:13:39.287    app     info:    [elg-events] Queueing event    eve_launcher.electron.eve_client.ClientQueued
2024-03-28 23:13:39.288    app     info:    [client-queue] No clients running for tranquility, copying files before starting a client
2024-03-28 23:13:39.288    app     info:    [elg-events] Event sent    type.evetech.net/eve_launcher.electron.eve_client.ClientQueued
2024-03-28 23:13:39.293    app     info:    [elg-events] Queueing event    eve_launcher.electron.eve_client.CopyingFilesStarted
2024-03-28 23:13:39.294    app     info:    [binary-copier] Copying 195 files (230 MB) to 'C:\CCP\EVE Online\tq'
2024-03-28 23:13:39.294    app     info:    [elg-events] Event sent    type.evetech.net/eve_launcher.electron.eve_client.CopyingFilesStarted
2024-03-28 23:13:39.315    app     info:    [binary-copier] Removing old binaries
2024-03-28 23:13:39.345    app     info:    [binary-copier] Copying binaries from ResFiles
2024-03-28 23:13:39.436    app     info:    [binary-copier] Finished copying 195 files to 'C:\CCP\EVE Online\tq' in 0.146 seconds
2024-03-28 23:13:39.440    app     info:    [elg-events] Queueing event    eve_launcher.electron.eve_client.CopyingFilesFinished
2024-03-28 23:13:39.440    app     info:    [elg-events] Event sent    type.evetech.net/eve_launcher.electron.eve_client.CopyingFilesFinished
2024-03-28 23:13:39.449    app     info:    [client-manager] Starting EVE Online game client.    C:\CCP\EVE Online\tq\bin64\exefile.exe    [
  '/noconsole',
  '/server:tranquility.servers.eveonline.com',
  '/ssoToken=***',
  '/refreshToken=***',
  '/settingsprofile=Default',
  '/language=en',
  '/triplatform=dx12',
  '/steamUser',
  '/deviceID=***',
  '/machineHash=***',
  'exp=1711751209',
  'tokenExpires=2024-03-30 00:26:49.000'
]    29797650
2024-03-28 23:13:39.453    app     info:    [elg-events] Queueing event    eve_launcher.electron.eve_client.GameClientStartRequested
2024-03-28 23:13:39.478    app     info:    [elg-events] Queueing event    eve_launcher.electron.eve_client.TemporaryClientProcessAdded
2024-03-28 23:13:39.483    app     info:    [client-manager] Found 'tranquility' client for '29797650' running:     {
  processId: 10144,
  createdDate: 1711667619463,
  userId: 29797650,
  characterId: undefined,
  profile: 'Default',
  dxVersion: 'dx12'
}
2024-03-28 23:13:39.497    app     info:    [elg-events] Queueing event    eve_launcher.electron.eve_client.GameClientStarted
2024-03-28 23:13:39.508    app     info:    [elg-events] Queueing event    eve_launcher.electron.eve_client.TemporaryClientProcessRemoved
2024-03-28 23:13:39.508    app     info:    [elg-events] Event sent    type.evetech.net/eve_launcher.electron.eve_client.GameClientStartRequested
2024-03-28 23:13:39.509    app     info:    [client-queue] Started client from group startup    {
  product: 'eve-online',
  tenant: 'tranquility',
  characterId: 1,
  profile: '',
  userId: 29797650
}
2024-03-28 23:13:39.516    app     info:    [elg-events] Event sent    type.evetech.net/eve_launcher.electron.eve_client.TemporaryClientProcessAdded
2024-03-28 23:13:39.517    app     info:    [elg-events] Event sent    type.evetech.net/eve_launcher.electron.eve_client.GameClientStarted
2024-03-28 23:13:39.518    app     info:    [elg-events] Event sent    type.evetech.net/eve_launcher.electron.eve_client.TemporaryClientProcessRemoved
2024-03-28 23:13:40.022    app     info:    [elg-events] Queueing event    eve_launcher.electron.eve_client.TemporaryClientProcessMonitoringStopped
2024-03-28 23:13:40.023    app     info:    [elg-events] Event sent    type.evetech.net/eve_launcher.electron.eve_client.TemporaryClientProcessMonitoringStopped
2024-03-28 23:13:40.525    app     info:    [client-queue] Queue has stopped running, no more clients pending startup.
2024-03-28 23:15:35.462    app     info:    [scheduler] Stopped scheduler foreground
2024-03-28 23:15:35.463    app     info:    [ipc-requests] Handling requests in the background
2024-03-28 23:15:36.464    app     info:    [ipc-requests] No longer handling requests in the background
2024-03-28 23:15:50.444    app     info:    [scheduler] Starting scheduler foreground
2024-03-28 23:17:42.844    app     info:    [self-update] Checking for application updates.
2024-03-28 23:17:43.206    app     info:    [self-update] No application updates were found.
2024-03-28 23:18:19.034    app     info:    [client-manager] 'tranquility' for EVE game client for '29797650' exited with no errors.
2024-03-28 23:18:19.039    app     info:    [elg-events] Queueing event    eve_launcher.electron.eve_client.GameClientExited
2024-03-28 23:18:19.054    app     info:    [server-manager] Starting refresh cycle for eve-online / Tranquility
2024-03-28 23:18:19.058    app     info:    [elg-events] Event sent    type.evetech.net/eve_launcher.electron.eve_client.GameClientExited
2024-03-28 23:18:19.201    app     info:    [server-manager] Previous Tranquility build: 2532064, current build: 2532064
2024-03-28 23:18:19.201    app     info:    [server-manager] Tranquility build is unchanged.
2024-03-28 23:18:19.211    app     info:    [server-manager] Ready to play!
2024-03-28 23:18:19.218    app     info:    [server-manager] Finished refresh cycle for Tranquility
2024-03-28 23:18:21.605    app     info:    [client-queue] Queued client startup    {
  product: 'eve-online',
  tenant: 'tranquility',
  userId: 29795975,
  characterId: 2122197514,
  profile: ''
}
2024-03-28 23:18:21.609    app     info:    [elg-events] Queueing event    eve_launcher.electron.eve_client.ClientQueued
2024-03-28 23:18:21.609    app     info:    [client-queue] No clients running for tranquility, copying files before starting a client
2024-03-28 23:18:21.610    app     info:    [elg-events] Event sent    type.evetech.net/eve_launcher.electron.eve_client.ClientQueued
2024-03-28 23:18:21.615    app     info:    [elg-events] Queueing event    eve_launcher.electron.eve_client.CopyingFilesStarted
2024-03-28 23:18:21.615    app     info:    [binary-copier] Copying 195 files (230 MB) to 'C:\CCP\EVE Online\tq'
2024-03-28 23:18:21.616    app     info:    [elg-events] Event sent    type.evetech.net/eve_launcher.electron.eve_client.CopyingFilesStarted
2024-03-28 23:18:21.641    app     info:    [binary-copier] Removing old binaries
2024-03-28 23:18:21.673    app     info:    [binary-copier] Copying binaries from ResFiles
2024-03-28 23:18:22.070    app     info:    [binary-copier] Finished copying 195 files to 'C:\CCP\EVE Online\tq' in 0.458 seconds
2024-03-28 23:18:22.073    app     info:    [elg-events] Queueing event    eve_launcher.electron.eve_client.CopyingFilesFinished
2024-03-28 23:18:22.074    app     info:    [elg-events] Event sent    type.evetech.net/eve_launcher.electron.eve_client.CopyingFilesFinished
2024-03-28 23:18:22.082    app     info:    [client-manager] Starting EVE Online game client.    C:\CCP\EVE Online\tq\bin64\exefile.exe    [
  '/noconsole',
  '/server:tranquility.servers.eveonline.com',
  '/ssoToken=***',
  '/refreshToken=***',
  '/settingsprofile=Default',
  '/language=en',
  '/triplatform=dx12',
  '/steamUser',
  '/deviceID=***',
  '/machineHash=***',
  '/autoSelectCharacter:2122197514',
  'exp=1711713324',
  'tokenExpires=2024-03-29 13:55:24.000'
]    29795975
2024-03-28 23:18:22.086    app     info:    [elg-events] Queueing event    eve_launcher.electron.eve_client.GameClientStartRequested
2024-03-28 23:18:22.104    app     info:    [elg-events] Queueing event    eve_launcher.electron.eve_client.TemporaryClientProcessAdded
2024-03-28 23:18:22.108    app     info:    [client-manager] Found 'tranquility' client for '29795975' running:     {
  processId: 3192,
  createdDate: 1711667902093,
  userId: 29795975,
  characterId: 2122197514,
  profile: 'Default',
  dxVersion: 'dx12'
}
2024-03-28 23:18:22.120    app     info:    [elg-events] Queueing event    eve_launcher.electron.eve_client.GameClientStarted
2024-03-28 23:18:22.130    app     info:    [elg-events] Queueing event    eve_launcher.electron.eve_client.TemporaryClientProcessRemoved
2024-03-28 23:18:22.131    app     info:    [elg-events] Event sent    type.evetech.net/eve_launcher.electron.eve_client.GameClientStartRequested
2024-03-28 23:18:22.131    app     info:    [client-queue] Started client from group startup    {
  product: 'eve-online',
  tenant: 'tranquility',
  characterId: 2122197514,
  profile: '',
  userId: 29795975
}
2024-03-28 23:18:22.138    app     info:    [elg-events] Event sent    type.evetech.net/eve_launcher.electron.eve_client.TemporaryClientProcessAdded
2024-03-28 23:18:22.139    app     info:    [elg-events] Event sent    type.evetech.net/eve_launcher.electron.eve_client.GameClientStarted
2024-03-28 23:18:22.140    app     info:    [elg-events] Event sent    type.evetech.net/eve_launcher.electron.eve_client.TemporaryClientProcessRemoved
2024-03-28 23:18:22.642    app     info:    [elg-events] Queueing event    eve_launcher.electron.eve_client.TemporaryClientProcessMonitoringStopped
2024-03-28 23:18:22.642    app     info:    [elg-events] Event sent    type.evetech.net/eve_launcher.electron.eve_client.TemporaryClientProcessMonitoringStopped
2024-03-28 23:18:23.150    app     info:    [client-queue] Queue has stopped running, no more clients pending startup.
2024-03-28 23:19:47.314    app     info:    [client-manager] 'tranquility' for EVE game client for '29795975' exited with no errors.
2024-03-28 23:19:47.318    app     info:    [elg-events] Queueing event    eve_launcher.electron.eve_client.GameClientExited
2024-03-28 23:19:47.349    app     info:    [server-manager] Starting refresh cycle for eve-online / Tranquility
2024-03-28 23:19:47.354    app     info:    [elg-events] Event sent    type.evetech.net/eve_launcher.electron.eve_client.GameClientExited
2024-03-28 23:19:47.467    app     info:    [server-manager] Previous Tranquility build: 2532064, current build: 2532064
2024-03-28 23:19:47.467    app     info:    [server-manager] Tranquility build is unchanged.
2024-03-28 23:19:47.478    app     info:    [server-manager] Ready to play!
2024-03-28 23:19:47.484    app     info:    [server-manager] Finished refresh cycle for Tranquility
2024-03-28 23:19:55.630    app     info:    [client-queue] Queued client startup    {
  product: 'eve-online',
  tenant: 'tranquility',
  userId: 29280260,
  characterId: 2121853336,
  profile: ''
}
2024-03-28 23:19:55.634    app     info:    [elg-events] Queueing event    eve_launcher.electron.eve_client.ClientQueued
2024-03-28 23:19:55.634    app     info:    [client-queue] No clients running for tranquility, copying files before starting a client
2024-03-28 23:19:55.634    app     info:    [elg-events] Event sent    type.evetech.net/eve_launcher.electron.eve_client.ClientQueued
2024-03-28 23:19:55.640    app     info:    [elg-events] Queueing event    eve_launcher.electron.eve_client.CopyingFilesStarted
2024-03-28 23:19:55.641    app     info:    [binary-copier] Copying 195 files (230 MB) to 'C:\CCP\EVE Online\tq'
2024-03-28 23:19:55.641    app     info:    [elg-events] Event sent    type.evetech.net/eve_launcher.electron.eve_client.CopyingFilesStarted
2024-03-28 23:19:55.660    app     info:    [binary-copier] Removing old binaries
2024-03-28 23:19:55.693    app     info:    [binary-copier] Copying binaries from ResFiles
2024-03-28 23:19:55.778    app     info:    [binary-copier] Finished copying 195 files to 'C:\CCP\EVE Online\tq' in 0.141 seconds
2024-03-28 23:19:55.783    app     info:    [elg-events] Queueing event    eve_launcher.electron.eve_client.CopyingFilesFinished
2024-03-28 23:19:55.783    app     info:    [elg-events] Event sent    type.evetech.net/eve_launcher.electron.eve_client.CopyingFilesFinished
2024-03-28 23:19:55.791    app     info:    [authentication] Token for '29280260' on 'tranquility' is expired, refresh is required
2024-03-28 23:19:55.791    app     info:    [authentication] Refreshing token for '29280260' on 'tranquility'
2024-03-28 23:19:55.958    app     info:    [authentication] Token for '29280260' on 'tranquility' has been successfully refreshed
2024-03-28 23:19:55.961    app     info:    [elg-events] Queueing event    eve_launcher.electron.authentication.UserTokensRefreshed
2024-03-28 23:19:55.981    app     info:    [elg-events] Event sent    type.evetech.net/eve_launcher.electron.authentication.UserTokensRefreshed
2024-03-28 23:19:55.981    app     info:    [client-manager] Starting EVE Online game client.    C:\CCP\EVE Online\tq\bin64\exefile.exe    [
  '/noconsole',
  '/server:tranquility.servers.eveonline.com',
  '/ssoToken=***',
  '/refreshToken=***',
  '/settingsprofile=Default',
  '/language=en',
  '/triplatform=dx12',
  '/steamUser',
  '/deviceID=***',
  '/machineHash=***',
  '/autoSelectCharacter:2121853336',
  'exp=1711668594',
  'tokenExpires=2024-03-29 01:29:54.000'
]    29280260
2024-03-28 23:19:55.985    app     info:    [elg-events] Queueing event    eve_launcher.electron.eve_client.GameClientStartRequested
2024-03-28 23:19:56.004    app     info:    [elg-events] Queueing event    eve_launcher.electron.eve_client.TemporaryClientProcessAdded
2024-03-28 23:19:56.008    app     info:    [client-manager] Found 'tranquility' client for '29280260' running:     {
  processId: 8296,
  createdDate: 1711667995994,
  userId: 29280260,
  characterId: 2121853336,
  profile: 'Default',
  dxVersion: 'dx12'
}
2024-03-28 23:19:56.027    app     info:    [elg-events] Queueing event    eve_launcher.electron.eve_client.GameClientStarted
2024-03-28 23:19:56.037    app     info:    [elg-events] Queueing event    eve_launcher.electron.eve_client.TemporaryClientProcessRemoved
2024-03-28 23:19:56.037    app     info:    [client-queue] Started client from group startup    {
  product: 'eve-online',
  tenant: 'tranquility',
  characterId: 2121853336,
  profile: '',
  userId: 29280260
}
2024-03-28 23:19:56.044    app     info:    [AuthenticationMiddleware] User information updated
2024-03-28 23:19:56.044    app     info:    [elg-events] Event sent    type.evetech.net/eve_launcher.electron.eve_client.GameClientStartRequested
2024-03-28 23:19:56.045    app     info:    [elg-events] Event sent    type.evetech.net/eve_launcher.electron.eve_client.TemporaryClientProcessAdded
2024-03-28 23:19:56.045    app     info:    [elg-events] Event sent    type.evetech.net/eve_launcher.electron.eve_client.GameClientStarted
2024-03-28 23:19:56.046    app     info:    [elg-events] Event sent    type.evetech.net/eve_launcher.electron.eve_client.TemporaryClientProcessRemoved
2024-03-28 23:19:56.547    app     info:    [elg-events] Queueing event    eve_launcher.electron.eve_client.TemporaryClientProcessMonitoringStopped
2024-03-28 23:19:56.547    app     info:    [elg-events] Event sent    type.evetech.net/eve_launcher.electron.eve_client.TemporaryClientProcessMonitoringStopped
2024-03-28 23:19:57.047    app     info:    [client-queue] Queue has stopped running, no more clients pending startup.
2024-03-28 23:22:17.598    app     info:    [client-manager] 'tranquility' for EVE game client for '29280260' exited with no errors.
2024-03-28 23:22:17.602    app     info:    [elg-events] Queueing event    eve_launcher.electron.eve_client.GameClientExited
2024-03-28 23:22:17.616    app     info:    [server-manager] Starting refresh cycle for eve-online / Tranquility
2024-03-28 23:22:17.620    app     info:    [elg-events] Event sent    type.evetech.net/eve_launcher.electron.eve_client.GameClientExited
2024-03-28 23:22:17.822    app     info:    [server-manager] Previous Tranquility build: 2532064, current build: 2532064
2024-03-28 23:22:17.823    app     info:    [server-manager] Tranquility build is unchanged.
2024-03-28 23:22:17.835    app     info:    [server-manager] Ready to play!
2024-03-28 23:22:17.843    app     info:    [server-manager] Finished refresh cycle for Tranquility
2024-03-28 23:22:20.278    app     info:    [client-queue] Queued client startup    {
  product: 'eve-online',
  tenant: 'tranquility',
  userId: 16492377,
  characterId: 2121174871,
  profile: ''
}
2024-03-28 23:22:20.282    app     info:    [elg-events] Queueing event    eve_launcher.electron.eve_client.ClientQueued
2024-03-28 23:22:20.282    app     info:    [client-queue] No clients running for tranquility, copying files before starting a client
2024-03-28 23:22:20.282    app     info:    [elg-events] Event sent    type.evetech.net/eve_launcher.electron.eve_client.ClientQueued
2024-03-28 23:22:20.288    app     info:    [elg-events] Queueing event    eve_launcher.electron.eve_client.CopyingFilesStarted
2024-03-28 23:22:20.289    app     info:    [binary-copier] Copying 195 files (230 MB) to 'C:\CCP\EVE Online\tq'
2024-03-28 23:22:20.289    app     info:    [elg-events] Event sent    type.evetech.net/eve_launcher.electron.eve_client.CopyingFilesStarted
2024-03-28 23:22:20.310    app     info:    [binary-copier] Removing old binaries
2024-03-28 23:22:20.341    app     info:    [binary-copier] Copying binaries from ResFiles
2024-03-28 23:22:20.725    app     info:    [binary-copier] Finished copying 195 files to 'C:\CCP\EVE Online\tq' in 0.441 seconds
2024-03-28 23:22:20.729    app     info:    [elg-events] Queueing event    eve_launcher.electron.eve_client.CopyingFilesFinished
2024-03-28 23:22:20.729    app     info:    [elg-events] Event sent    type.evetech.net/eve_launcher.electron.eve_client.CopyingFilesFinished
2024-03-28 23:22:20.736    app     info:    [authentication] Token for '16492377' on 'tranquility' is expired, refresh is required
2024-03-28 23:22:20.736    app     info:    [authentication] Refreshing token for '16492377' on 'tranquility'
2024-03-28 23:22:20.900    app     info:    [authentication] Token for '16492377' on 'tranquility' has been successfully refreshed
2024-03-28 23:22:20.903    app     info:    [elg-events] Queueing event    eve_launcher.electron.authentication.UserTokensRefreshed
2024-03-28 23:22:20.933    app     info:    [elg-events] Event sent    type.evetech.net/eve_launcher.electron.authentication.UserTokensRefreshed
2024-03-28 23:22:20.933    app     info:    [client-manager] Starting EVE Online game client.    C:\CCP\EVE Online\tq\bin64\exefile.exe    [
  '/noconsole',
  '/server:tranquility.servers.eveonline.com',
  '/ssoToken=***',
  '/refreshToken=***',
  '/settingsprofile=Default',
  '/language=en',
  '/triplatform=dx12',
  '/steamUser',
  '/deviceID=***',
  '/machineHash=***',
  '/autoSelectCharacter:2121174871',
  'exp=1711668738',
  'tokenExpires=2024-03-29 01:32:18.000'
]    16492377
2024-03-28 23:22:20.937    app     info:    [elg-events] Queueing event    eve_launcher.electron.eve_client.GameClientStartRequested
2024-03-28 23:22:20.955    app     info:    [elg-events] Queueing event    eve_launcher.electron.eve_client.TemporaryClientProcessAdded
2024-03-28 23:22:20.959    app     info:    [client-manager] Found 'tranquility' client for '16492377' running:     {
  processId: 11576,
  createdDate: 1711668140944,
  userId: 16492377,
  characterId: 2121174871,
  profile: 'Default',
  dxVersion: 'dx12'
}
2024-03-28 23:22:20.971    app     info:    [elg-events] Queueing event    eve_launcher.electron.eve_client.GameClientStarted
2024-03-28 23:22:20.980    app     info:    [elg-events] Queueing event    eve_launcher.electron.eve_client.TemporaryClientProcessRemoved
2024-03-28 23:22:20.981    app     info:    [client-queue] Started client from group startup    {
  product: 'eve-online',
  tenant: 'tranquility',
  characterId: 2121174871,
  profile: '',
  userId: 16492377
}
2024-03-28 23:22:20.988    app     info:    [AuthenticationMiddleware] User information updated
2024-03-28 23:22:20.988    app     info:    [elg-events] Event sent    type.evetech.net/eve_launcher.electron.eve_client.GameClientStartRequested
2024-03-28 23:22:20.989    app     info:    [elg-events] Event sent    type.evetech.net/eve_launcher.electron.eve_client.TemporaryClientProcessAdded
2024-03-28 23:22:20.991    app     info:    [elg-events] Event sent    type.evetech.net/eve_launcher.electron.eve_client.GameClientStarted
2024-03-28 23:22:20.991    app     info:    [elg-events] Event sent    type.evetech.net/eve_launcher.electron.eve_client.TemporaryClientProcessRemoved
2024-03-28 23:22:21.486    app     info:    [elg-events] Queueing event    eve_launcher.electron.eve_client.TemporaryClientProcessMonitoringStopped
2024-03-28 23:22:21.486    app     info:    [elg-events] Event sent    type.evetech.net/eve_launcher.electron.eve_client.TemporaryClientProcessMonitoringStopped
2024-03-28 23:22:21.998    app     info:    [client-queue] Queue has stopped running, no more clients pending startup.
2024-03-28 23:22:42.841    app     info:    [self-update] Checking for application updates.
2024-03-28 23:22:43.198    app     info:    [self-update] No application updates were found.
2024-03-28 23:27:17.847    app     info:    [server-manager] Starting refresh cycle for eve-online / Tranquility
2024-03-28 23:27:17.983    app     info:    [server-manager] Previous Tranquility build: 2532064, current build: 2532064
2024-03-28 23:27:17.983    app     info:    [server-manager] Tranquility build is unchanged.
2024-03-28 23:27:17.993    app     info:    [server-manager] Ready to play!
2024-03-28 23:27:17.998    app     info:    [server-manager] Finished refresh cycle for Tranquility
2024-03-28 23:27:42.838    app     info:    [self-update] Checking for application updates.
2024-03-28 23:27:43.208    app     info:    [self-update] No application updates were found.
2024-03-28 23:27:50.458    app     info:    [customer-information] Getting character information for '16492377' on 'tranquility'
2024-03-28 23:27:50.458    app     info:    [customer-information] Getting Omega status for '16492377' on 'tranquility'
2024-03-28 23:27:50.458    app     info:    [virtual-goods] Getting Plex status for '16492377' on 'tranquility'
2024-03-28 23:27:50.605    app     info:    [esi] Fetching character details for 2113875139, 2121174871
2024-03-28 23:27:50.709    app     info:    [virtual-goods] Fetched Plex status for '16492377' on 'tranquility'
2024-03-28 23:27:51.013    app     info:    [esi] Fetched 2 character details for 16492377
2024-03-28 23:29:15.550    app     info:    [client-manager] 'tranquility' for EVE game client for '16492377' exited with no errors.
2024-03-28 23:29:15.554    app     info:    [elg-events] Queueing event    eve_launcher.electron.eve_client.GameClientExited
2024-03-28 23:29:15.566    app     info:    [server-manager] Starting refresh cycle for eve-online / Tranquility
2024-03-28 23:29:15.570    app     info:    [elg-events] Event sent    type.evetech.net/eve_launcher.electron.eve_client.GameClientExited
2024-03-28 23:29:15.680    app     info:    [server-manager] Previous Tranquility build: 2532064, current build: 2532064
2024-03-28 23:29:15.680    app     info:    [server-manager] Tranquility build is unchanged.
2024-03-28 23:29:15.690    app     info:    [server-manager] Ready to play!
2024-03-28 23:29:15.697    app     info:    [server-manager] Finished refresh cycle for Tranquility
2024-03-28 23:29:17.322    app     info:    [customer-information] Getting character information for '29797650' on 'tranquility'
2024-03-28 23:29:17.323    app     info:    [customer-information] Getting Omega status for '29797650' on 'tranquility'
2024-03-28 23:29:17.323    app     info:    [virtual-goods] Getting Plex status for '29797650' on 'tranquility'
2024-03-28 23:29:17.411    app     info:    [virtual-goods] Fetched Plex status for '29797650' on 'tranquility'
2024-03-28 23:29:17.446    app     info:    [esi] Fetching character details for 2122199031
2024-03-28 23:29:17.802    app     info:    [esi] Fetched 1 character details for 29797650
2024-03-28 23:29:18.230    app     info:    [client-queue] Queued client startup    {
  product: 'eve-online',
  tenant: 'tranquility',
  userId: 29797650,
  characterId: 1,
  profile: ''
}
2024-03-28 23:29:18.234    app     info:    [elg-events] Queueing event    eve_launcher.electron.eve_client.ClientQueued
2024-03-28 23:29:18.234    app     info:    [client-queue] No clients running for tranquility, copying files before starting a client
2024-03-28 23:29:18.234    app     info:    [elg-events] Event sent    type.evetech.net/eve_launcher.electron.eve_client.ClientQueued
2024-03-28 23:29:18.240    app     info:    [elg-events] Queueing event    eve_launcher.electron.eve_client.CopyingFilesStarted
2024-03-28 23:29:18.240    app     info:    [binary-copier] Copying 195 files (230 MB) to 'C:\CCP\EVE Online\tq'
2024-03-28 23:29:18.240    app     info:    [elg-events] Event sent    type.evetech.net/eve_launcher.electron.eve_client.CopyingFilesStarted
2024-03-28 23:29:18.259    app     info:    [binary-copier] Removing old binaries
2024-03-28 23:29:18.289    app     info:    [binary-copier] Copying binaries from ResFiles
2024-03-28 23:29:18.692    app     info:    [binary-copier] Finished copying 195 files to 'C:\CCP\EVE Online\tq' in 0.456 seconds
2024-03-28 23:29:18.695    app     info:    [elg-events] Queueing event    eve_launcher.electron.eve_client.CopyingFilesFinished
2024-03-28 23:29:18.695    app     info:    [elg-events] Event sent    type.evetech.net/eve_launcher.electron.eve_client.CopyingFilesFinished
2024-03-28 23:29:18.704    app     info:    [client-manager] Starting EVE Online game client.    C:\CCP\EVE Online\tq\bin64\exefile.exe    [
  '/noconsole',
  '/server:tranquility.servers.eveonline.com',
  '/ssoToken=***',
  '/refreshToken=***',
  '/settingsprofile=Default',
  '/language=en',
  '/triplatform=dx12',
  '/steamUser',
  '/deviceID=***',
  '/machineHash=***',
  'exp=1711751209',
  'tokenExpires=2024-03-30 00:26:49.000'
]    29797650
2024-03-28 23:29:18.707    app     info:    [elg-events] Queueing event    eve_launcher.electron.eve_client.GameClientStartRequested
2024-03-28 23:29:18.724    app     info:    [elg-events] Queueing event    eve_launcher.electron.eve_client.TemporaryClientProcessAdded
2024-03-28 23:29:18.727    app     info:    [client-manager] Found 'tranquility' client for '29797650' running:     {
  processId: 1584,
  createdDate: 1711668558715,
  userId: 29797650,
  characterId: undefined,
  profile: 'Default',
  dxVersion: 'dx12'
}
2024-03-28 23:29:18.739    app     info:    [elg-events] Queueing event    eve_launcher.electron.eve_client.GameClientStarted
2024-03-28 23:29:18.749    app     info:    [elg-events] Queueing event    eve_launcher.electron.eve_client.TemporaryClientProcessRemoved
2024-03-28 23:29:18.749    app     info:    [elg-events] Event sent    type.evetech.net/eve_launcher.electron.eve_client.GameClientStartRequested
2024-03-28 23:29:18.749    app     info:    [client-queue] Started client from group startup    {
  product: 'eve-online',
  tenant: 'tranquility',
  characterId: 1,
  profile: '',
  userId: 29797650
}
2024-03-28 23:29:18.757    app     info:    [elg-events] Event sent    type.evetech.net/eve_launcher.electron.eve_client.TemporaryClientProcessAdded
2024-03-28 23:29:18.758    app     info:    [elg-events] Event sent    type.evetech.net/eve_launcher.electron.eve_client.GameClientStarted
2024-03-28 23:29:18.760    app     info:    [elg-events] Event sent    type.evetech.net/eve_launcher.electron.eve_client.TemporaryClientProcessRemoved
2024-03-28 23:29:19.258    app     info:    [elg-events] Queueing event    eve_launcher.electron.eve_client.TemporaryClientProcessMonitoringStopped
2024-03-28 23:29:19.258    app     info:    [elg-events] Event sent    type.evetech.net/eve_launcher.electron.eve_client.TemporaryClientProcessMonitoringStopped
2024-03-28 23:29:19.763    app     info:    [client-queue] Queue has stopped running, no more clients pending startup.
2024-03-28 23:32:38.478    app     info:    [scheduler] Stopped scheduler foreground
2024-03-28 23:32:38.478    app     info:    [ipc-requests] Handling requests in the background
2024-03-28 23:32:39.480    app     info:    [ipc-requests] No longer handling requests in the background
2024-03-28 23:32:42.840    app     info:    [self-update] Checking for application updates.
2024-03-28 23:32:43.241    app     info:    [self-update] No application updates were found.
2024-03-28 23:32:43.940    app     info:    [scheduler] Starting scheduler foreground
2024-03-28 23:33:29.585    app     info:    [scheduler] Stopped scheduler foreground
2024-03-28 23:33:29.586    app     info:    [ipc-requests] Handling requests in the background
2024-03-28 23:33:30.587    app     info:    [ipc-requests] No longer handling requests in the background
2024-03-28 23:33:59.496    app     info:    [scheduler] Starting scheduler foreground
2024-03-28 23:34:00.342    app     info:    [scheduler] Stopped scheduler foreground
2024-03-28 23:34:00.342    app     info:    [ipc-requests] Handling requests in the background
2024-03-28 23:34:01.344    app     info:    [ipc-requests] No longer handling requests in the background
2024-03-28 23:34:02.543    app     info:    [scheduler] Starting scheduler foreground
2024-03-28 23:34:02.841    app     info:    [scheduler] Stopped scheduler foreground
2024-03-28 23:34:02.841    app     info:    [ipc-requests] Handling requests in the background
2024-03-28 23:34:03.842    app     info:    [ipc-requests] No longer handling requests in the background
2024-03-28 23:34:15.702    app     info:    [server-manager] Starting refresh cycle for eve-online / Tranquility
2024-03-28 23:34:15.826    app     info:    [server-manager] Previous Tranquility build: 2532064, current build: 2532064
2024-03-28 23:34:15.826    app     info:    [server-manager] Tranquility build is unchanged.
2024-03-28 23:34:15.836    app     info:    [server-manager] Ready to play!
2024-03-28 23:34:15.842    app     info:    [server-manager] Finished refresh cycle for Tranquility
2024-03-28 23:36:00.160    app     info:    [scheduler] Starting scheduler foreground
2024-03-28 23:36:00.257    app     info:    [scheduler] Stopped scheduler foreground
2024-03-28 23:36:00.258    app     info:    [ipc-requests] Handling requests in the background
2024-03-28 23:36:01.263    app     info:    [scheduler] Starting scheduler foreground
2024-03-28 23:36:01.264    app     info:    [ipc-requests] No longer handling requests in the background
2024-03-28 23:36:03.504    app     info:    [scheduler] Stopped scheduler foreground
2024-03-28 23:36:03.505    app     info:    [ipc-requests] Handling requests in the background
2024-03-28 23:36:04.506    app     info:    [ipc-requests] No longer handling requests in the background
2024-03-28 23:37:25.060    app     info:    [scheduler] Starting scheduler foreground
2024-03-28 23:37:26.683    app     info:    [scheduler] Stopped scheduler foreground
2024-03-28 23:37:26.683    app     info:    [ipc-requests] Handling requests in the background
2024-03-28 23:37:27.683    app     info:    [ipc-requests] No longer handling requests in the background
2024-03-28 23:37:56.403    app     info:    [scheduler] Starting scheduler foreground
2024-03-28 23:37:57.300    app     info:    [scheduler] Stopped scheduler foreground
2024-03-28 23:37:57.301    app     info:    [ipc-requests] Handling requests in the background
2024-03-28 23:37:58.302    app     info:    [ipc-requests] No longer handling requests in the background
2024-03-28 23:38:01.420    app     info:    [self-update] Checking for application updates.
2024-03-28 23:38:01.818    app     info:    [self-update] No application updates were found.
2024-03-28 23:38:28.233    app     info:    [scheduler] Starting scheduler foreground
2024-03-28 23:38:35.556    app     info:    [scheduler] Stopped scheduler foreground
2024-03-28 23:38:35.557    app     info:    [ipc-requests] Handling requests in the background
2024-03-28 23:38:36.558    app     info:    [ipc-requests] No longer handling requests in the background
2024-03-28 23:39:05.058    app     info:    [scheduler] Starting scheduler foreground
2024-03-28 23:39:05.356    app     info:    [scheduler] Stopped scheduler foreground
2024-03-28 23:39:05.356    app     info:    [ipc-requests] Handling requests in the background
2024-03-28 23:39:06.358    app     info:    [ipc-requests] No longer handling requests in the background
2024-03-28 23:39:07.249    app     info:    [scheduler] Starting scheduler foreground
2024-03-28 23:39:07.491    app     info:    [scheduler] Stopped scheduler foreground
2024-03-28 23:39:07.491    app     info:    [ipc-requests] Handling requests in the background
2024-03-28 23:39:08.157    app     info:    [scheduler] Starting scheduler foreground
2024-03-28 23:39:08.306    app     info:    [scheduler] Stopped scheduler foreground
2024-03-28 23:39:08.306    app     info:    [ipc-requests] Handling requests in the background
2024-03-28 23:39:08.492    app     info:    [ipc-requests] No longer handling requests in the background
2024-03-28 23:39:09.307    app     info:    [ipc-requests] No longer handling requests in the background
2024-03-28 23:39:14.766    app     info:    [scheduler] Starting scheduler foreground
2024-03-28 23:39:15.068    app     info:    [scheduler] Stopped scheduler foreground
2024-03-28 23:39:15.069    app     info:    [ipc-requests] Handling requests in the background
2024-03-28 23:39:15.279    app     info:    [scheduler] Starting scheduler foreground
2024-03-28 23:39:15.846    app     info:    [server-manager] Starting refresh cycle for eve-online / Tranquility
2024-03-28 23:39:15.905    app     info:    [scheduler] Stopped scheduler foreground
2024-03-28 23:39:15.905    app     info:    [ipc-requests] Handling requests in the background
2024-03-28 23:39:16.023    app     info:    [scheduler] Starting scheduler foreground
2024-03-28 23:39:16.070    app     info:    [server-manager] Previous Tranquility build: 2532064, current build: 2532064
2024-03-28 23:39:16.070    app     info:    [server-manager] Tranquility build is unchanged.
2024-03-28 23:39:16.081    app     info:    [server-manager] Ready to play!
2024-03-28 23:39:16.087    app     info:    [server-manager] Finished refresh cycle for Tranquility
2024-03-28 23:39:16.088    app     info:    [ipc-requests] No longer handling requests in the background
2024-03-28 23:39:16.513    app     info:    [scheduler] Stopped scheduler foreground
2024-03-28 23:39:16.513    app     info:    [ipc-requests] Handling requests in the background
2024-03-28 23:39:16.905    app     info:    [ipc-requests] No longer handling requests in the background
2024-03-28 23:39:17.514    app     info:    [ipc-requests] No longer handling requests in the background
2024-03-28 23:40:00.260    app     info:    [scheduler] Starting scheduler foreground
2024-03-28 23:40:01.740    app     info:    [scheduler] Stopped scheduler foreground
2024-03-28 23:40:01.740    app     info:    [ipc-requests] Handling requests in the background
2024-03-28 23:40:02.741    app     info:    [ipc-requests] No longer handling requests in the background
2024-03-28 23:40:03.122    app     info:    [scheduler] Starting scheduler foreground
2024-03-28 23:40:07.338    app     info:    [scheduler] Stopped scheduler foreground
2024-03-28 23:40:07.339    app     info:    [ipc-requests] Handling requests in the background
2024-03-28 23:40:08.339    app     info:    [ipc-requests] No longer handling requests in the background
2024-03-28 23:40:09.285    app     info:    [scheduler] Starting scheduler foreground
2024-03-28 23:40:10.027    app     info:    [scheduler] Stopped scheduler foreground
2024-03-28 23:40:10.027    app     info:    [ipc-requests] Handling requests in the background
2024-03-28 23:40:11.028    app     info:    [ipc-requests] No longer handling requests in the background
2024-03-28 23:40:25.265    app     info:    [scheduler] Starting scheduler foreground
2024-03-28 23:40:25.436    app     info:    [scheduler] Stopped scheduler foreground
2024-03-28 23:40:25.436    app     info:    [ipc-requests] Handling requests in the background
2024-03-28 23:40:26.438    app     info:    [ipc-requests] No longer handling requests in the background
2024-03-28 23:40:35.450    app     info:    [scheduler] Starting scheduler foreground
2024-03-28 23:40:35.984    app     info:    [scheduler] Stopped scheduler foreground
2024-03-28 23:40:35.985    app     info:    [ipc-requests] Handling requests in the background
2024-03-28 23:40:36.986    app     info:    [ipc-requests] No longer handling requests in the background
2024-03-28 23:40:41.857    app     info:    [scheduler] Starting scheduler foreground
2024-03-28 23:40:42.302    app     info:    [scheduler] Stopped scheduler foreground
2024-03-28 23:40:42.302    app     info:    [ipc-requests] Handling requests in the background
2024-03-28 23:40:43.303    app     info:    [ipc-requests] No longer handling requests in the background
2024-03-28 23:42:29.657    app     info:    [scheduler] Starting scheduler foreground
2024-03-28 23:42:32.431    app     info:    [scheduler] Stopped scheduler foreground
2024-03-28 23:42:32.431    app     info:    [ipc-requests] Handling requests in the background
2024-03-28 23:42:33.025    app     info:    [client-manager] 'tranquility' for EVE game client for '29797650' exited with no errors.
2024-03-28 23:42:33.029    app     info:    [elg-events] Queueing event    eve_launcher.electron.eve_client.GameClientExited
2024-03-28 23:42:33.041    app     info:    [server-manager] Starting refresh cycle for eve-online / Tranquility
2024-03-28 23:42:33.045    app     info:    [elg-events] Event sent    type.evetech.net/eve_launcher.electron.eve_client.GameClientExited
2024-03-28 23:42:33.123    app     info:    [scheduler] Starting scheduler foreground
2024-03-28 23:42:33.166    app     info:    [server-manager] Previous Tranquility build: 2532064, current build: 2532064
2024-03-28 23:42:33.166    app     info:    [server-manager] Tranquility build is unchanged.
2024-03-28 23:42:33.178    app     info:    [server-manager] Ready to play!
2024-03-28 23:42:33.185    app     info:    [server-manager] Finished refresh cycle for Tranquility
2024-03-28 23:42:33.431    app     info:    [ipc-requests] No longer handling requests in the background
2024-03-28 23:42:39.845    app     info:    [authentication] Token for '23622903' on 'tranquility' is expired, refresh is required
2024-03-28 23:42:39.846    app     info:    [authentication] Refreshing token for '23622903' on 'tranquility'
2024-03-28 23:42:40.018    app     info:    [authentication] Token for '23622903' on 'tranquility' has been successfully refreshed
2024-03-28 23:42:40.021    app     info:    [elg-events] Queueing event    eve_launcher.electron.authentication.UserTokensRefreshed
2024-03-28 23:42:40.041    app     info:    [elg-events] Event sent    type.evetech.net/eve_launcher.electron.authentication.UserTokensRefreshed
2024-03-28 23:42:40.042    app     info:    [customer-information] Getting character information for '23622903' on 'tranquility'
2024-03-28 23:42:40.042    app     info:    [customer-information] Getting Omega status for '23622903' on 'tranquility'
2024-03-28 23:42:40.042    app     info:    [virtual-goods] Getting Plex status for '23622903' on 'tranquility'
2024-03-28 23:42:40.042    app     info:    [customer-information] Getting character information for '23622903' on 'tranquility'
2024-03-28 23:42:40.043    app     info:    [customer-information] Getting Omega status for '23622903' on 'tranquility'
2024-03-28 23:42:40.044    app     info:    [virtual-goods] Getting Plex status for '23622903' on 'tranquility'
2024-03-28 23:42:40.124    app     info:    [virtual-goods] Fetched Plex status for '23622903' on 'tranquility'
2024-03-28 23:42:40.134    app     info:    [virtual-goods] Fetched Plex status for '23622903' on 'tranquility'
2024-03-28 23:42:40.159    app     info:    [esi] Fetching character details for 2118248041, 2121175776
2024-03-28 23:42:40.194    app     info:    [esi] Fetching character details for 2118248041, 2121175776
2024-03-28 23:42:40.208    app     info:    [AuthenticationMiddleware] User information updated
2024-03-28 23:42:40.641    app     info:    [esi] Fetched 2 character details for 23622903
2024-03-28 23:42:40.649    app     info:    [esi] Fetched 2 character details for 23622903
2024-03-28 23:42:46.387    app     info:    [authentication] Token for '28182799' on 'tranquility' is expired, refresh is required
2024-03-28 23:42:46.388    app     info:    [authentication] Refreshing token for '28182799' on 'tranquility'
2024-03-28 23:42:46.565    app     info:    [authentication] Token for '28182799' on 'tranquility' has been successfully refreshed
2024-03-28 23:42:46.569    app     info:    [elg-events] Queueing event    eve_launcher.electron.authentication.UserTokensRefreshed
2024-03-28 23:42:46.590    app     info:    [elg-events] Event sent    type.evetech.net/eve_launcher.electron.authentication.UserTokensRefreshed
2024-03-28 23:42:46.590    app     info:    [customer-information] Getting character information for '28182799' on 'tranquility'
2024-03-28 23:42:46.590    app     info:    [customer-information] Getting Omega status for '28182799' on 'tranquility'
2024-03-28 23:42:46.591    app     info:    [virtual-goods] Getting Plex status for '28182799' on 'tranquility'
2024-03-28 23:42:46.591    app     info:    [customer-information] Getting character information for '28182799' on 'tranquility'
2024-03-28 23:42:46.592    app     info:    [customer-information] Getting Omega status for '28182799' on 'tranquility'
2024-03-28 23:42:46.593    app     info:    [virtual-goods] Getting Plex status for '28182799' on 'tranquility'
2024-03-28 23:42:46.671    app     info:    [virtual-goods] Fetched Plex status for '28182799' on 'tranquility'
2024-03-28 23:42:46.716    app     info:    [virtual-goods] Fetched Plex status for '28182799' on 'tranquility'
2024-03-28 23:42:46.739    app     info:    [esi] Fetching character details for 2121174545
2024-03-28 23:42:46.755    app     info:    [esi] Fetching character details for 2121174545
2024-03-28 23:42:46.766    app     info:    [AuthenticationMiddleware] User information updated
2024-03-28 23:42:47.091    app     info:    [esi] Fetched 1 character details for 28182799
2024-03-28 23:42:47.095    app     info:    [esi] Fetched 1 character details for 28182799
2024-03-28 23:42:48.513    app     info:    [client-queue] Queued client startup    {
  product: 'eve-online',
  tenant: 'tranquility',
  userId: 28182799,
  characterId: 2121174545,
  profile: ''
}
2024-03-28 23:42:48.516    app     info:    [elg-events] Queueing event    eve_launcher.electron.eve_client.ClientQueued
2024-03-28 23:42:48.516    app     info:    [client-queue] No clients running for tranquility, copying files before starting a client
2024-03-28 23:42:48.516    app     info:    [elg-events] Event sent    type.evetech.net/eve_launcher.electron.eve_client.ClientQueued
2024-03-28 23:42:48.521    app     info:    [elg-events] Queueing event    eve_launcher.electron.eve_client.CopyingFilesStarted
2024-03-28 23:42:48.522    app     info:    [binary-copier] Copying 195 files (230 MB) to 'C:\CCP\EVE Online\tq'
2024-03-28 23:42:48.522    app     info:    [elg-events] Event sent    type.evetech.net/eve_launcher.electron.eve_client.CopyingFilesStarted
2024-03-28 23:42:48.543    app     info:    [binary-copier] Removing old binaries
2024-03-28 23:42:48.572    app     info:    [binary-copier] Copying binaries from ResFiles
2024-03-28 23:42:48.955    app     info:    [binary-copier] Finished copying 195 files to 'C:\CCP\EVE Online\tq' in 0.436 seconds
2024-03-28 23:42:48.958    app     info:    [elg-events] Queueing event    eve_launcher.electron.eve_client.CopyingFilesFinished
2024-03-28 23:42:48.958    app     info:    [elg-events] Event sent    type.evetech.net/eve_launcher.electron.eve_client.CopyingFilesFinished
2024-03-28 23:42:48.965    app     info:    [client-manager] Starting EVE Online game client.    C:\CCP\EVE Online\tq\bin64\exefile.exe    [
  '/noconsole',
  '/server:tranquility.servers.eveonline.com',
  '/ssoToken=***',
  '/refreshToken=***',
  '/settingsprofile=Default',
  '/language=en',
  '/triplatform=dx12',
  '/steamUser',
  '/deviceID=***',
  '/machineHash=***',
  '/autoSelectCharacter:2121174545',
  'exp=1711669964',
  'tokenExpires=2024-03-29 01:52:44.000'
]    28182799
2024-03-28 23:42:48.969    app     info:    [elg-events] Queueing event    eve_launcher.electron.eve_client.GameClientStartRequested
2024-03-28 23:42:48.988    app     info:    [elg-events] Queueing event    eve_launcher.electron.eve_client.TemporaryClientProcessAdded
2024-03-28 23:42:48.992    app     info:    [client-manager] Found 'tranquility' client for '28182799' running:     {
  processId: 12020,
  createdDate: 1711669368978,
  userId: 28182799,
  characterId: 2121174545,
  profile: 'Default',
  dxVersion: 'dx12'
}
2024-03-28 23:42:49.006    app     info:    [elg-events] Queueing event    eve_launcher.electron.eve_client.GameClientStarted
2024-03-28 23:42:49.016    app     info:    [elg-events] Queueing event    eve_launcher.electron.eve_client.TemporaryClientProcessRemoved
2024-03-28 23:42:49.016    app     info:    [elg-events] Event sent    type.evetech.net/eve_launcher.electron.eve_client.GameClientStartRequested
2024-03-28 23:42:49.016    app     info:    [client-queue] Started client from group startup    {
  product: 'eve-online',
  tenant: 'tranquility',
  characterId: 2121174545,
  profile: '',
  userId: 28182799
}
2024-03-28 23:42:49.023    app     info:    [elg-events] Event sent    type.evetech.net/eve_launcher.electron.eve_client.TemporaryClientProcessAdded
2024-03-28 23:42:49.024    app     info:    [elg-events] Event sent    type.evetech.net/eve_launcher.electron.eve_client.GameClientStarted
2024-03-28 23:42:49.024    app     info:    [elg-events] Event sent    type.evetech.net/eve_launcher.electron.eve_client.TemporaryClientProcessRemoved
2024-03-28 23:42:49.520    app     info:    [elg-events] Queueing event    eve_launcher.electron.eve_client.TemporaryClientProcessMonitoringStopped
2024-03-28 23:42:49.520    app     info:    [elg-events] Event sent    type.evetech.net/eve_launcher.electron.eve_client.TemporaryClientProcessMonitoringStopped
2024-03-28 23:42:50.026    app     info:    [client-queue] Queue has stopped running, no more clients pending startup.
2024-03-28 23:42:52.987    app     info:    [scheduler] Stopped scheduler foreground
2024-03-28 23:42:52.987    app     info:    [ipc-requests] Handling requests in the background
2024-03-28 23:42:53.988    app     info:    [ipc-requests] No longer handling requests in the background
2024-03-28 23:43:05.309    app     info:    [scheduler] Starting scheduler foreground
2024-03-28 23:43:10.325    app     info:    [self-update] Checking for application updates.
2024-03-28 23:43:10.678    app     info:    [self-update] No application updates were found.
2024-03-28 23:44:18.800    app     info:    [scheduler] Stopped scheduler foreground
2024-03-28 23:44:18.800    app     info:    [ipc-requests] Handling requests in the background
2024-03-28 23:44:19.251    app     info:    [client-manager] 'tranquility' for EVE game client for '28182799' exited with no errors.
2024-03-28 23:44:19.256    app     info:    [elg-events] Queueing event    eve_launcher.electron.eve_client.GameClientExited
2024-03-28 23:44:19.270    app     info:    [server-manager] Starting refresh cycle for eve-online / Tranquility
2024-03-28 23:44:19.274    app     info:    [elg-events] Event sent    type.evetech.net/eve_launcher.electron.eve_client.GameClientExited
2024-03-28 23:44:19.404    app     info:    [server-manager] Previous Tranquility build: 2532064, current build: 2532064
2024-03-28 23:44:19.404    app     info:    [server-manager] Tranquility build is unchanged.
2024-03-28 23:44:19.415    app     info:    [server-manager] Ready to play!
2024-03-28 23:44:19.423    app     info:    [server-manager] Finished refresh cycle for Tranquility
2024-03-28 23:44:19.802    app     info:    [ipc-requests] No longer handling requests in the background
2024-03-28 23:44:21.024    app     info:    [scheduler] Starting scheduler foreground
2024-03-28 23:44:28.352    app     info:    [client-queue] Queued client startup    {
  product: 'eve-online',
  tenant: 'tranquility',
  userId: 29797650,
  characterId: 2122199031,
  profile: ''
}
2024-03-28 23:44:28.356    app     info:    [elg-events] Queueing event    eve_launcher.electron.eve_client.ClientQueued
2024-03-28 23:44:28.356    app     info:    [client-queue] No clients running for tranquility, copying files before starting a client
2024-03-28 23:44:28.356    app     info:    [elg-events] Event sent    type.evetech.net/eve_launcher.electron.eve_client.ClientQueued
2024-03-28 23:44:28.362    app     info:    [elg-events] Queueing event    eve_launcher.electron.eve_client.CopyingFilesStarted
2024-03-28 23:44:28.362    app     info:    [binary-copier] Copying 195 files (230 MB) to 'C:\CCP\EVE Online\tq'
2024-03-28 23:44:28.362    app     info:    [elg-events] Event sent    type.evetech.net/eve_launcher.electron.eve_client.CopyingFilesStarted
2024-03-28 23:44:28.382    app     info:    [binary-copier] Removing old binaries
2024-03-28 23:44:28.412    app     info:    [binary-copier] Copying binaries from ResFiles
2024-03-28 23:44:28.800    app     info:    [binary-copier] Finished copying 195 files to 'C:\CCP\EVE Online\tq' in 0.442 seconds
2024-03-28 23:44:28.804    app     info:    [elg-events] Queueing event    eve_launcher.electron.eve_client.CopyingFilesFinished
2024-03-28 23:44:28.804    app     info:    [elg-events] Event sent    type.evetech.net/eve_launcher.electron.eve_client.CopyingFilesFinished
2024-03-28 23:44:28.811    app     info:    [client-manager] Starting EVE Online game client.    C:\CCP\EVE Online\tq\bin64\exefile.exe    [
  '/noconsole',
  '/server:tranquility.servers.eveonline.com',
  '/ssoToken=***',
  '/refreshToken=***',
  '/settingsprofile=Default',
  '/language=en',
  '/triplatform=dx12',
  '/steamUser',
  '/deviceID=***',
  '/machineHash=***',
  '/autoSelectCharacter:2122199031',
  'exp=1711751209',
  'tokenExpires=2024-03-30 00:26:49.000'
]    29797650
2024-03-28 23:44:28.815    app     info:    [elg-events] Queueing event    eve_launcher.electron.eve_client.GameClientStartRequested
2024-03-28 23:44:28.834    app     info:    [elg-events] Queueing event    eve_launcher.electron.eve_client.TemporaryClientProcessAdded
2024-03-28 23:44:28.838    app     info:    [client-manager] Found 'tranquility' client for '29797650' running:     {
  processId: 9192,
  createdDate: 1711669468823,
  userId: 29797650,
  characterId: 2122199031,
  profile: 'Default',
  dxVersion: 'dx12'
}
2024-03-28 23:44:28.852    app     info:    [elg-events] Queueing event    eve_launcher.electron.eve_client.GameClientStarted
2024-03-28 23:44:28.862    app     info:    [elg-events] Queueing event    eve_launcher.electron.eve_client.TemporaryClientProcessRemoved
2024-03-28 23:44:28.862    app     info:    [elg-events] Event sent    type.evetech.net/eve_launcher.electron.eve_client.GameClientStartRequested
2024-03-28 23:44:28.863    app     info:    [client-queue] Started client from group startup    {
  product: 'eve-online',
  tenant: 'tranquility',
  characterId: 2122199031,
  profile: '',
  userId: 29797650
}
2024-03-28 23:44:28.870    app     info:    [elg-events] Event sent    type.evetech.net/eve_launcher.electron.eve_client.TemporaryClientProcessAdded
2024-03-28 23:44:28.870    app     info:    [elg-events] Event sent    type.evetech.net/eve_launcher.electron.eve_client.GameClientStarted
2024-03-28 23:44:28.871    app     info:    [elg-events] Event sent    type.evetech.net/eve_launcher.electron.eve_client.TemporaryClientProcessRemoved
2024-03-28 23:44:29.366    app     info:    [elg-events] Queueing event    eve_launcher.electron.eve_client.TemporaryClientProcessMonitoringStopped
2024-03-28 23:44:29.366    app     info:    [elg-events] Event sent    type.evetech.net/eve_launcher.electron.eve_client.TemporaryClientProcessMonitoringStopped
2024-03-28 23:44:29.882    app     info:    [client-queue] Queue has stopped running, no more clients pending startup.
2024-03-28 23:48:10.323    app     info:    [self-update] Checking for application updates.
2024-03-28 23:48:10.679    app     info:    [self-update] No application updates were found.
2024-03-28 23:49:19.427    app     info:    [server-manager] Starting refresh cycle for eve-online / Tranquility
2024-03-28 23:49:19.597    app     info:    [server-manager] Previous Tranquility build: 2532064, current build: 2532064
2024-03-28 23:49:19.597    app     info:    [server-manager] Tranquility build is unchanged.
2024-03-28 23:49:19.607    app     info:    [server-manager] Ready to play!
2024-03-28 23:49:19.613    app     info:    [server-manager] Finished refresh cycle for Tranquility
2024-03-28 23:50:20.769    app     info:    [scheduler] Stopped scheduler foreground
2024-03-28 23:50:20.770    app     info:    [ipc-requests] Handling requests in the background
2024-03-28 23:50:21.771    app     info:    [ipc-requests] No longer handling requests in the background
2024-03-28 23:54:19.616    app     info:    [server-manager] Starting refresh cycle for eve-online / Tranquility
2024-03-28 23:54:19.739    app     info:    [server-manager] Previous Tranquility build: 2532064, current build: 2532064
2024-03-28 23:54:19.739    app     info:    [server-manager] Tranquility build is unchanged.
2024-03-28 23:54:19.749    app     info:    [server-manager] Ready to play!
2024-03-28 23:54:19.755    app     info:    [server-manager] Finished refresh cycle for Tranquility
2024-03-28 23:59:19.759    app     info:    [server-manager] Starting refresh cycle for eve-online / Tranquility
2024-03-28 23:59:19.946    app     info:    [server-manager] Previous Tranquility build: 2532064, current build: 2532064
2024-03-28 23:59:19.946    app     info:    [server-manager] Tranquility build is unchanged.
2024-03-28 23:59:19.955    app     info:    [server-manager] Ready to play!
2024-03-28 23:59:19.960    app     info:    [server-manager] Finished refresh cycle for Tranquility
