[2024-03-28 22:13:58.562790] INFO: __main__: Starting Pyfa
[2024-03-28 22:13:58.562790] INFO: __main__: 
[2024-03-28 22:13:58.562790] INFO: __main__: Writing log file to: C:\Users\Dmytro\.pyfa\pyfa.log
[2024-03-28 22:13:58.562790] INFO: __main__: Running in a frozen state.
[2024-03-28 22:13:59.205069] INFO: eos.db: Initializing database
[2024-03-28 22:13:59.205069] INFO: eos.db: Gamedata connection: sqlite:///C:\Program Files\pyfa\app\eve.db?check_same_thread=False
[2024-03-28 22:13:59.205069] INFO: eos.db: Saveddata connection: sqlite:///C:\Users\Dmytro\.pyfa\saveddata.db?check_same_thread=False
[2024-03-28 22:13:59.205069] DEBUG: eos.db: Initializing gamedata
[2024-03-28 22:13:59.211053] DEBUG: eos.db: Getting gamedata version
[2024-03-28 22:13:59.215072] DEBUG: eos.db: Initializing saveddata
[2024-03-28 22:13:59.215072] DEBUG: eos.db: Importing gamedata DB scheme
[2024-03-28 22:13:59.292866] DEBUG: eos.db: Importing saveddata DB scheme
[2024-03-28 22:13:59.334751] DEBUG: eos.db: Importing gamedata queries
[2024-03-28 22:13:59.334751] DEBUG: eos.db: Importing saveddata queries
[2024-03-28 22:13:59.334751] DEBUG: service.prefetch: Run database migration.
[2024-03-28 22:13:59.347689] INFO: eos.db.migration: Applying database update: 47
[2024-03-28 22:13:59.380467] DEBUG: service.prefetch: Starting database validation.
[2024-03-28 22:13:59.380467] DEBUG: eos.db.saveddata.databaseRepair: Running database cleanup for character skills.
[2024-03-28 22:13:59.382464] DEBUG: eos.db.saveddata.databaseRepair: Running database cleanup for orphaned characters attached to fits.
[2024-03-28 22:13:59.383461] DEBUG: eos.db.saveddata.databaseRepair: Running database cleanup for orphaned damage patterns attached to fits.
[2024-03-28 22:13:59.385456] ERROR: eos.db.saveddata.databaseRepair: Missing uniform damage pattern.
[2024-03-28 22:13:59.387450] DEBUG: eos.db.saveddata.databaseRepair: Running database cleanup for missing damage pattern names.
[2024-03-28 22:13:59.388448] DEBUG: eos.db.saveddata.databaseRepair: Running database cleanup for missing target resist names.
[2024-03-28 22:13:59.389445] DEBUG: eos.db.saveddata.databaseRepair: Running database cleanup for orphaned drones items.
[2024-03-28 22:13:59.390443] DEBUG: eos.db.saveddata.databaseRepair: Running database cleanup for orphaned cargo items.
[2024-03-28 22:13:59.391440] DEBUG: eos.db.saveddata.databaseRepair: Running database cleanup for orphaned fighters items.
[2024-03-28 22:13:59.393434] DEBUG: eos.db.saveddata.databaseRepair: Running database cleanup for orphaned modules items.
[2024-03-28 22:13:59.394432] DEBUG: eos.db.saveddata.databaseRepair: Running database cleanup for null damagePatterns values. (em)
[2024-03-28 22:13:59.395429] DEBUG: eos.db.saveddata.databaseRepair: Running database cleanup for null damagePatterns values. (thermal)
[2024-03-28 22:13:59.396427] DEBUG: eos.db.saveddata.databaseRepair: Running database cleanup for null damagePatterns values. (kinetic)
[2024-03-28 22:13:59.397424] DEBUG: eos.db.saveddata.databaseRepair: Running database cleanup for null damagePatterns values. (explosive)
[2024-03-28 22:13:59.398421] DEBUG: eos.db.saveddata.databaseRepair: Running database cleanup for null targetResists values. (em)
[2024-03-28 22:13:59.400416] DEBUG: eos.db.saveddata.databaseRepair: Running database cleanup for null targetResists values. (thermal)
[2024-03-28 22:13:59.401413] DEBUG: eos.db.saveddata.databaseRepair: Running database cleanup for null targetResists values. (kinetic)
[2024-03-28 22:13:59.402410] DEBUG: eos.db.saveddata.databaseRepair: Running database cleanup for null targetResists values. (explosive)
[2024-03-28 22:13:59.403408] DEBUG: eos.db.saveddata.databaseRepair: Running database cleanup for duplicated selected ammo profiles.
[2024-03-28 22:13:59.404405] DEBUG: service.prefetch: Completed database validation.
[2024-03-28 22:13:59.416373] DEBUG: gui.app: Setting language to: en_US
[2024-03-28 22:14:02.339592] INFO: gui.bitmap_loader: Using local image files.
[2024-03-28 22:14:02.342556] DEBUG: gui.contextMenu: registering context menu class OpenFitInNewTab
[2024-03-28 22:14:02.343581] DEBUG: gui.contextMenu: registering context menu class AddBrowsedFits
[2024-03-28 22:14:02.345576] DEBUG: gui.contextMenu: registering context menu class AddCurrentlyOpenFit
[2024-03-28 22:14:02.346576] DEBUG: gui.contextMenu: registering context menu class AddEnvironmentEffect
[2024-03-28 22:14:02.459107] DEBUG: service.market: Initialize ShipBrowserWorkerThread.
[2024-03-28 22:14:02.610733] DEBUG: service.fit: Initialize Fit class
[2024-03-28 22:14:02.688525] DEBUG: service.fit: Getting fits with modules
[2024-03-28 22:14:02.691517] DEBUG: gui.contextMenu: registering context menu class AddCommandFit
[2024-03-28 22:14:02.692518] DEBUG: gui.contextMenu: registering context menu class TargetProfileAdder
[2024-03-28 22:14:02.693511] DEBUG: gui.contextMenu: registering context menu class ChangeShipTacticalMode
[2024-03-28 22:14:02.693511] DEBUG: gui.contextMenu: registering context menu class ChangeModuleAmmo
[2024-03-28 22:14:02.694509] DEBUG: gui.contextMenu: registering context menu class ChangeModuleSpool
[2024-03-28 22:14:02.694509] DEBUG: gui.contextMenu: registering context menu class ChangeRahPattern
[2024-03-28 22:14:02.695506] DEBUG: gui.contextMenu: registering context menu class BoosterSideEffects
[2024-03-28 22:14:02.695506] DEBUG: gui.contextMenu: registering context menu class FighterAbilities
[2024-03-28 22:14:02.696504] DEBUG: gui.contextMenu: registering context menu class TargetWrapperResists
[2024-03-28 22:14:02.697503] DEBUG: gui.contextMenu: registering context menu class TargetProfileEditorMenu
[2024-03-28 22:14:02.764505] DEBUG: gui.contextMenu: registering context menu class ItemStats
[2024-03-28 22:14:02.765502] DEBUG: gui.contextMenu: registering context menu class JumpToMarketItem
[2024-03-28 22:14:02.765502] DEBUG: gui.contextMenu: registering context menu class FitSystemSecurityMenu
[2024-03-28 22:14:02.765502] DEBUG: gui.contextMenu: registering context menu class JumpToShip
[2024-03-28 22:14:02.766499] DEBUG: gui.contextMenu: registering context menu class RemoveItem
[2024-03-28 22:14:02.766499] DEBUG: gui.contextMenu: registering context menu class ChangeItemAmount
[2024-03-28 22:14:02.766499] DEBUG: gui.contextMenu: registering context menu class ChangeItemProjectionRange
[2024-03-28 22:14:02.767497] DEBUG: gui.contextMenu: registering context menu class DroneSplitStack
[2024-03-28 22:14:02.767497] DEBUG: gui.contextMenu: registering context menu class ChangeItemToVariation
[2024-03-28 22:14:02.768494] DEBUG: gui.contextMenu: registering context menu class ChangeItemMutation
[2024-03-28 22:14:02.768494] DEBUG: gui.contextMenu: registering context menu class FillWithModule
[2024-03-28 22:14:02.828334] DEBUG: gui.contextMenu: registering context menu class ExportMutatedModule
[2024-03-28 22:14:02.828334] DEBUG: gui.contextMenu: registering context menu class ChangeAffectingSkills
[2024-03-28 22:14:02.829332] DEBUG: gui.contextMenu: registering context menu class FillWithItem
[2024-03-28 22:14:02.829332] DEBUG: gui.contextMenu: registering context menu class DroneAddStack
[2024-03-28 22:14:02.829332] DEBUG: gui.contextMenu: registering context menu class AddToCargo
[2024-03-28 22:14:02.830329] DEBUG: gui.contextMenu: registering context menu class AddToCargoAmmo
[2024-03-28 22:14:02.830329] DEBUG: gui.contextMenu: registering context menu class ProjectItem
[2024-03-28 22:14:02.830329] DEBUG: gui.contextMenu: registering context menu class AmmoToDmgPattern
[2024-03-28 22:14:02.831326] DEBUG: gui.contextMenu: registering context menu class ImplantSetApply
[2024-03-28 22:14:02.831326] DEBUG: gui.contextMenu: registering context menu class ImplantSetSave
[2024-03-28 22:14:02.832324] DEBUG: gui.contextMenu: registering context menu class DronesPrice
[2024-03-28 22:14:02.832324] DEBUG: gui.contextMenu: registering context menu class CargoPrice
[2024-03-28 22:14:02.832324] DEBUG: gui.contextMenu: registering context menu class ImplantBoosterPrice
[2024-03-28 22:14:02.832324] DEBUG: gui.contextMenu: registering context menu class ChangeDamagePattern
[2024-03-28 22:14:02.833321] DEBUG: gui.contextMenu: registering context menu class FactorReload
[2024-03-28 22:14:02.833321] DEBUG: gui.contextMenu: registering context menu class TargetProfileSwitcher
[2024-03-28 22:14:02.833321] DEBUG: gui.contextMenu: registering context menu class GraphDmgApplyProjectedMenu
[2024-03-28 22:14:02.834318] DEBUG: gui.contextMenu: registering context menu class GraphDmgIgnoreResistsMenu
[2024-03-28 22:14:02.834318] DEBUG: gui.contextMenu: registering context menu class GraphIgnoreLockRangeMenu
[2024-03-28 22:14:02.834318] DEBUG: gui.contextMenu: registering context menu class GraphIgnoreDcrMenu
[2024-03-28 22:14:02.835316] DEBUG: gui.contextMenu: registering context menu class GraphDmgDroneModeMenu
[2024-03-28 22:14:02.835316] DEBUG: gui.contextMenu: registering context menu class AdditionsExportAll
[2024-03-28 22:14:02.835316] DEBUG: gui.contextMenu: registering context menu class AdditionsExportAll
[2024-03-28 22:14:02.836313] DEBUG: gui.contextMenu: registering context menu class AdditionsImport
[2024-03-28 22:14:02.914108] DEBUG: gui.statsPane: Setting full view for: resources
[2024-03-28 22:14:02.914108] DEBUG: gui.statsPane: Setting full view for: resistances
[2024-03-28 22:14:02.914108] DEBUG: gui.statsPane: Setting full view for: recharge
[2024-03-28 22:14:02.914108] DEBUG: gui.statsPane: Setting full view for: firepower
[2024-03-28 22:14:02.914108] DEBUG: gui.statsPane: Setting full view for: outgoing
[2024-03-28 22:14:02.914108] DEBUG: gui.statsPane: Setting full view for: capacitor
[2024-03-28 22:14:02.914108] DEBUG: gui.statsPane: Setting minimal view for: targetingMisc
[2024-03-28 22:14:02.914108] DEBUG: gui.statsPane: Setting full view for: price
[2024-03-28 22:14:03.052682] DEBUG: gui.mainFrame: Done loading mainframe imports
[2024-03-28 22:14:03.052682] DEBUG: gui.mainFrame: Initialize MainFrame
[2024-03-28 22:14:03.284045] DEBUG: gui.marketBrowser: Initialize marketBrowser
[2024-03-28 22:14:03.294166] DEBUG: gui.builtinMarketBrowser.marketTree: Initialize marketTree
[2024-03-28 22:14:03.352146] DEBUG: gui.builtinMarketBrowser.itemView: Initialize ItemView
[2024-03-28 22:14:03.444866] DEBUG: gui.shipBrowser: Populate ship category list.
[2024-03-28 22:14:03.650752] DEBUG: service.fit: Changing character (1) for fit ID: None
[2024-03-28 22:14:03.675734] DEBUG: gui.statsPane: Load view: resourcesViewFull
[2024-03-28 22:14:03.752978] DEBUG: gui.statsPane: Load view: resistancesViewFull
[2024-03-28 22:14:03.806021] DEBUG: gui.statsPane: Load view: rechargeViewFull
[2024-03-28 22:14:03.843920] DEBUG: gui.statsPane: Load view: firepowerViewFull
[2024-03-28 22:14:03.867174] DEBUG: gui.statsPane: Load view: outgoingViewFull
[2024-03-28 22:14:03.878144] DEBUG: gui.statsPane: Load view: capacitorViewFull
[2024-03-28 22:14:03.890112] DEBUG: gui.statsPane: Load view: targetingMiscViewMinimal
[2024-03-28 22:14:03.902080] DEBUG: gui.statsPane: Load view: priceViewFull
[2024-03-28 22:14:03.932875] DEBUG: gui.mainMenuBar: Initialize MainMenuBar
[2024-03-28 22:14:04.083846] DEBUG: service.update: Starting Check Update Thread.
[2024-03-28 22:14:21.100942] DEBUG: service.fit: Searching for fit: des
[2024-03-28 22:14:21.103936] DEBUG: service.fit: Fetching all fits for ship ID: 42246
[2024-03-28 22:14:21.682009] DEBUG: service.fit: Searching for fit: dest
[2024-03-28 22:14:22.064675] DEBUG: service.fit: Searching for fit: destr
[2024-03-28 22:14:23.354046] DEBUG: service.fit: Searching for fit: dest
[2024-03-28 22:14:23.639070] DEBUG: service.fit: Searching for fit: des
[2024-03-28 22:14:23.640067] DEBUG: service.fit: Fetching all fits for ship ID: 42246
[2024-03-28 22:14:35.207691] DEBUG: gui.shipBrowser: Populate ship category list.
[2024-03-28 22:14:38.021557] DEBUG: service.fit: Getting count of all fits for: 16236
[2024-03-28 22:14:38.035492] DEBUG: service.fit: Getting count of all fits for: 73789
[2024-03-28 22:14:38.044497] DEBUG: service.fit: Getting count of all fits for: 32874
[2024-03-28 22:14:38.053472] DEBUG: service.fit: Getting count of all fits for: 32876
[2024-03-28 22:14:38.062448] DEBUG: service.fit: Getting count of all fits for: 16238
[2024-03-28 22:14:38.070426] DEBUG: service.fit: Getting count of all fits for: 73795
[2024-03-28 22:14:38.079415] DEBUG: service.fit: Getting count of all fits for: 32872
[2024-03-28 22:14:38.088350] DEBUG: service.fit: Getting count of all fits for: 16240
[2024-03-28 22:14:38.096354] DEBUG: service.fit: Getting count of all fits for: 73796
[2024-03-28 22:14:38.105333] DEBUG: service.fit: Getting count of all fits for: 32878
[2024-03-28 22:14:38.113312] DEBUG: service.fit: Getting count of all fits for: 16242
[2024-03-28 22:14:38.122298] DEBUG: service.fit: Getting count of all fits for: 73794
[2024-03-28 22:14:38.131236] DEBUG: service.fit: Getting count of all fits for: 78333
[2024-03-28 22:14:38.140212] DEBUG: service.fit: Getting count of all fits for: 78367
[2024-03-28 22:14:38.148191] DEBUG: service.fit: Getting count of all fits for: 42685
[2024-03-28 22:14:38.157194] DEBUG: service.fit: Getting count of all fits for: 49710
[2024-03-28 22:18:36.774896] INFO: __main__: Starting Pyfa
[2024-03-28 22:18:36.774896] INFO: __main__: 
[2024-03-28 22:18:36.775864] INFO: __main__: Writing log file to: C:\Users\Dmytro\.pyfa\pyfa.log
[2024-03-28 22:18:36.775864] INFO: __main__: Running in a frozen state.
[2024-03-28 22:18:37.400225] INFO: eos.db: Initializing database
[2024-03-28 22:18:37.400225] INFO: eos.db: Gamedata connection: sqlite:///C:\Program Files\pyfa\app\eve.db?check_same_thread=False
[2024-03-28 22:18:37.400225] INFO: eos.db: Saveddata connection: sqlite:///C:\Users\Dmytro\.pyfa\saveddata.db?check_same_thread=False
[2024-03-28 22:18:37.400225] DEBUG: eos.db: Initializing gamedata
[2024-03-28 22:18:37.406209] DEBUG: eos.db: Getting gamedata version
[2024-03-28 22:18:37.408204] DEBUG: eos.db: Initializing saveddata
[2024-03-28 22:18:37.409215] DEBUG: eos.db: Importing gamedata DB scheme
[2024-03-28 22:18:37.487990] DEBUG: eos.db: Importing saveddata DB scheme
[2024-03-28 22:18:37.528884] DEBUG: eos.db: Importing gamedata queries
[2024-03-28 22:18:37.528884] DEBUG: eos.db: Importing saveddata queries
[2024-03-28 22:18:37.529879] DEBUG: service.prefetch: Run database migration.
[2024-03-28 22:18:37.538847] INFO: eos.db.migration: Applying database update: 47
[2024-03-28 22:18:37.573153] DEBUG: service.prefetch: Starting database validation.
[2024-03-28 22:18:37.573153] DEBUG: eos.db.saveddata.databaseRepair: Running database cleanup for character skills.
[2024-03-28 22:18:37.575173] DEBUG: eos.db.saveddata.databaseRepair: Running database cleanup for orphaned characters attached to fits.
[2024-03-28 22:18:37.576169] DEBUG: eos.db.saveddata.databaseRepair: Running database cleanup for orphaned damage patterns attached to fits.
[2024-03-28 22:18:37.578164] ERROR: eos.db.saveddata.databaseRepair: Missing uniform damage pattern.
[2024-03-28 22:18:37.579162] DEBUG: eos.db.saveddata.databaseRepair: Running database cleanup for missing damage pattern names.
[2024-03-28 22:18:37.580160] DEBUG: eos.db.saveddata.databaseRepair: Running database cleanup for missing target resist names.
[2024-03-28 22:18:37.581160] DEBUG: eos.db.saveddata.databaseRepair: Running database cleanup for orphaned drones items.
[2024-03-28 22:18:37.582158] DEBUG: eos.db.saveddata.databaseRepair: Running database cleanup for orphaned cargo items.
[2024-03-28 22:18:37.583156] DEBUG: eos.db.saveddata.databaseRepair: Running database cleanup for orphaned fighters items.
[2024-03-28 22:18:37.584152] DEBUG: eos.db.saveddata.databaseRepair: Running database cleanup for orphaned modules items.
[2024-03-28 22:18:37.586148] DEBUG: eos.db.saveddata.databaseRepair: Running database cleanup for null damagePatterns values. (em)
[2024-03-28 22:18:37.587146] DEBUG: eos.db.saveddata.databaseRepair: Running database cleanup for null damagePatterns values. (thermal)
[2024-03-28 22:18:37.588143] DEBUG: eos.db.saveddata.databaseRepair: Running database cleanup for null damagePatterns values. (kinetic)
[2024-03-28 22:18:37.589138] DEBUG: eos.db.saveddata.databaseRepair: Running database cleanup for null damagePatterns values. (explosive)
[2024-03-28 22:18:37.590108] DEBUG: eos.db.saveddata.databaseRepair: Running database cleanup for null targetResists values. (em)
[2024-03-28 22:18:37.591135] DEBUG: eos.db.saveddata.databaseRepair: Running database cleanup for null targetResists values. (thermal)
[2024-03-28 22:18:37.592131] DEBUG: eos.db.saveddata.databaseRepair: Running database cleanup for null targetResists values. (kinetic)
[2024-03-28 22:18:37.593129] DEBUG: eos.db.saveddata.databaseRepair: Running database cleanup for null targetResists values. (explosive)
[2024-03-28 22:18:37.595123] DEBUG: eos.db.saveddata.databaseRepair: Running database cleanup for duplicated selected ammo profiles.
[2024-03-28 22:18:37.596122] DEBUG: service.prefetch: Completed database validation.
[2024-03-28 22:18:37.607090] DEBUG: gui.app: Setting language to: en_US
[2024-03-28 22:18:39.094158] INFO: gui.bitmap_loader: Using local image files.
[2024-03-28 22:18:39.097150] DEBUG: gui.contextMenu: registering context menu class OpenFitInNewTab
[2024-03-28 22:18:39.098147] DEBUG: gui.contextMenu: registering context menu class AddBrowsedFits
[2024-03-28 22:18:39.100142] DEBUG: gui.contextMenu: registering context menu class AddCurrentlyOpenFit
[2024-03-28 22:18:39.101141] DEBUG: gui.contextMenu: registering context menu class AddEnvironmentEffect
[2024-03-28 22:18:39.204861] DEBUG: service.market: Initialize ShipBrowserWorkerThread.
[2024-03-28 22:18:39.357454] DEBUG: service.fit: Initialize Fit class
[2024-03-28 22:18:39.430259] DEBUG: service.fit: Getting fits with modules
[2024-03-28 22:18:39.433251] DEBUG: gui.contextMenu: registering context menu class AddCommandFit
[2024-03-28 22:18:39.434249] DEBUG: gui.contextMenu: registering context menu class TargetProfileAdder
[2024-03-28 22:18:39.435246] DEBUG: gui.contextMenu: registering context menu class ChangeShipTacticalMode
[2024-03-28 22:18:39.435246] DEBUG: gui.contextMenu: registering context menu class ChangeModuleAmmo
[2024-03-28 22:18:39.436246] DEBUG: gui.contextMenu: registering context menu class ChangeModuleSpool
[2024-03-28 22:18:39.436246] DEBUG: gui.contextMenu: registering context menu class ChangeRahPattern
[2024-03-28 22:18:39.437212] DEBUG: gui.contextMenu: registering context menu class BoosterSideEffects
[2024-03-28 22:18:39.437212] DEBUG: gui.contextMenu: registering context menu class FighterAbilities
[2024-03-28 22:18:39.437212] DEBUG: gui.contextMenu: registering context menu class TargetWrapperResists
[2024-03-28 22:18:39.439235] DEBUG: gui.contextMenu: registering context menu class TargetProfileEditorMenu
[2024-03-28 22:18:39.455164] DEBUG: gui.contextMenu: registering context menu class ItemStats
[2024-03-28 22:18:39.456161] DEBUG: gui.contextMenu: registering context menu class JumpToMarketItem
[2024-03-28 22:18:39.456161] DEBUG: gui.contextMenu: registering context menu class FitSystemSecurityMenu
[2024-03-28 22:18:39.456161] DEBUG: gui.contextMenu: registering context menu class JumpToShip
[2024-03-28 22:18:39.457159] DEBUG: gui.contextMenu: registering context menu class RemoveItem
[2024-03-28 22:18:39.457159] DEBUG: gui.contextMenu: registering context menu class ChangeItemAmount
[2024-03-28 22:18:39.457159] DEBUG: gui.contextMenu: registering context menu class ChangeItemProjectionRange
[2024-03-28 22:18:39.458156] DEBUG: gui.contextMenu: registering context menu class DroneSplitStack
[2024-03-28 22:18:39.458156] DEBUG: gui.contextMenu: registering context menu class ChangeItemToVariation
[2024-03-28 22:18:39.459153] DEBUG: gui.contextMenu: registering context menu class ChangeItemMutation
[2024-03-28 22:18:39.459153] DEBUG: gui.contextMenu: registering context menu class FillWithModule
[2024-03-28 22:18:39.523980] DEBUG: gui.contextMenu: registering context menu class ExportMutatedModule
[2024-03-28 22:18:39.524978] DEBUG: gui.contextMenu: registering context menu class ChangeAffectingSkills
[2024-03-28 22:18:39.524978] DEBUG: gui.contextMenu: registering context menu class FillWithItem
[2024-03-28 22:18:39.524978] DEBUG: gui.contextMenu: registering context menu class DroneAddStack
[2024-03-28 22:18:39.525975] DEBUG: gui.contextMenu: registering context menu class AddToCargo
[2024-03-28 22:18:39.525975] DEBUG: gui.contextMenu: registering context menu class AddToCargoAmmo
[2024-03-28 22:18:39.525975] DEBUG: gui.contextMenu: registering context menu class ProjectItem
[2024-03-28 22:18:39.526972] DEBUG: gui.contextMenu: registering context menu class AmmoToDmgPattern
[2024-03-28 22:18:39.526972] DEBUG: gui.contextMenu: registering context menu class ImplantSetApply
[2024-03-28 22:18:39.527969] DEBUG: gui.contextMenu: registering context menu class ImplantSetSave
[2024-03-28 22:18:39.527969] DEBUG: gui.contextMenu: registering context menu class DronesPrice
[2024-03-28 22:18:39.527969] DEBUG: gui.contextMenu: registering context menu class CargoPrice
[2024-03-28 22:18:39.527969] DEBUG: gui.contextMenu: registering context menu class ImplantBoosterPrice
[2024-03-28 22:18:39.528967] DEBUG: gui.contextMenu: registering context menu class ChangeDamagePattern
[2024-03-28 22:18:39.528967] DEBUG: gui.contextMenu: registering context menu class FactorReload
[2024-03-28 22:18:39.528967] DEBUG: gui.contextMenu: registering context menu class TargetProfileSwitcher
[2024-03-28 22:18:39.529964] DEBUG: gui.contextMenu: registering context menu class GraphDmgApplyProjectedMenu
[2024-03-28 22:18:39.529964] DEBUG: gui.contextMenu: registering context menu class GraphDmgIgnoreResistsMenu
[2024-03-28 22:18:39.529964] DEBUG: gui.contextMenu: registering context menu class GraphIgnoreLockRangeMenu
[2024-03-28 22:18:39.530961] DEBUG: gui.contextMenu: registering context menu class GraphIgnoreDcrMenu
[2024-03-28 22:18:39.530961] DEBUG: gui.contextMenu: registering context menu class GraphDmgDroneModeMenu
[2024-03-28 22:18:39.530961] DEBUG: gui.contextMenu: registering context menu class AdditionsExportAll
[2024-03-28 22:18:39.531959] DEBUG: gui.contextMenu: registering context menu class AdditionsExportAll
[2024-03-28 22:18:39.531959] DEBUG: gui.contextMenu: registering context menu class AdditionsImport
[2024-03-28 22:18:39.581278] DEBUG: gui.statsPane: Setting full view for: resources
[2024-03-28 22:18:39.581278] DEBUG: gui.statsPane: Setting full view for: resistances
[2024-03-28 22:18:39.581278] DEBUG: gui.statsPane: Setting full view for: recharge
[2024-03-28 22:18:39.581278] DEBUG: gui.statsPane: Setting full view for: firepower
[2024-03-28 22:18:39.581278] DEBUG: gui.statsPane: Setting full view for: outgoing
[2024-03-28 22:18:39.581278] DEBUG: gui.statsPane: Setting full view for: capacitor
[2024-03-28 22:18:39.581278] DEBUG: gui.statsPane: Setting minimal view for: targetingMisc
[2024-03-28 22:18:39.581278] DEBUG: gui.statsPane: Setting full view for: price
[2024-03-28 22:18:39.624133] DEBUG: gui.mainFrame: Done loading mainframe imports
[2024-03-28 22:18:39.624133] DEBUG: gui.mainFrame: Initialize MainFrame
[2024-03-28 22:18:39.761152] DEBUG: gui.marketBrowser: Initialize marketBrowser
[2024-03-28 22:18:39.764144] DEBUG: gui.builtinMarketBrowser.marketTree: Initialize marketTree
[2024-03-28 22:18:39.781099] DEBUG: gui.builtinMarketBrowser.itemView: Initialize ItemView
[2024-03-28 22:18:39.800048] DEBUG: gui.shipBrowser: Populate ship category list.
[2024-03-28 22:18:40.002649] DEBUG: service.fit: Changing character (1) for fit ID: None
[2024-03-28 22:18:40.010598] DEBUG: gui.statsPane: Load view: resourcesViewFull
[2024-03-28 22:18:40.042096] DEBUG: gui.statsPane: Load view: resistancesViewFull
[2024-03-28 22:18:40.061012] DEBUG: gui.statsPane: Load view: rechargeViewFull
[2024-03-28 22:18:40.075125] DEBUG: gui.statsPane: Load view: firepowerViewFull
[2024-03-28 22:18:40.086128] DEBUG: gui.statsPane: Load view: outgoingViewFull
[2024-03-28 22:18:40.094106] DEBUG: gui.statsPane: Load view: capacitorViewFull
[2024-03-28 22:18:40.101086] DEBUG: gui.statsPane: Load view: targetingMiscViewMinimal
[2024-03-28 22:18:40.113056] DEBUG: gui.statsPane: Load view: priceViewFull
[2024-03-28 22:18:40.127018] DEBUG: gui.mainMenuBar: Initialize MainMenuBar
[2024-03-28 22:18:40.237855] DEBUG: service.update: Starting Check Update Thread.
[2024-03-28 22:18:44.373945] DEBUG: service.fit: Getting count of all fits for: 16236
[2024-03-28 22:18:44.381923] DEBUG: service.fit: Getting count of all fits for: 73789
[2024-03-28 22:18:44.385912] DEBUG: service.fit: Getting count of all fits for: 32874
[2024-03-28 22:18:44.388905] DEBUG: service.fit: Getting count of all fits for: 32876
[2024-03-28 22:18:44.392894] DEBUG: service.fit: Getting count of all fits for: 16238
[2024-03-28 22:18:44.395886] DEBUG: service.fit: Getting count of all fits for: 73795
[2024-03-28 22:18:44.398878] DEBUG: service.fit: Getting count of all fits for: 32872
[2024-03-28 22:18:44.401870] DEBUG: service.fit: Getting count of all fits for: 16240
[2024-03-28 22:18:44.403865] DEBUG: service.fit: Getting count of all fits for: 73796
[2024-03-28 22:18:44.406857] DEBUG: service.fit: Getting count of all fits for: 32878
[2024-03-28 22:18:44.409849] DEBUG: service.fit: Getting count of all fits for: 16242
[2024-03-28 22:18:44.412841] DEBUG: service.fit: Getting count of all fits for: 73794
[2024-03-28 22:18:44.415833] DEBUG: service.fit: Getting count of all fits for: 78333
[2024-03-28 22:18:44.418826] DEBUG: service.fit: Getting count of all fits for: 78367
[2024-03-28 22:18:44.421817] DEBUG: service.fit: Getting count of all fits for: 42685
[2024-03-28 22:18:44.424205] DEBUG: service.fit: Getting count of all fits for: 49710
[2024-03-28 22:18:48.099115] DEBUG: service.fit: Fetching all fits for ship ID: 42685
[2024-03-28 22:18:50.407785] DEBUG: gui.shipBrowser: Populate ship category list.
[2024-03-28 22:18:52.874885] DEBUG: service.fit: Getting count of all fits for: 16236
[2024-03-28 22:18:52.876879] DEBUG: service.fit: Getting count of all fits for: 73789
[2024-03-28 22:18:52.879871] DEBUG: service.fit: Getting count of all fits for: 32874
[2024-03-28 22:18:52.881866] DEBUG: service.fit: Getting count of all fits for: 32876
[2024-03-28 22:18:52.883860] DEBUG: service.fit: Getting count of all fits for: 16238
[2024-03-28 22:18:52.885855] DEBUG: service.fit: Getting count of all fits for: 73795
[2024-03-28 22:18:52.887850] DEBUG: service.fit: Getting count of all fits for: 32872
[2024-03-28 22:18:52.889844] DEBUG: service.fit: Getting count of all fits for: 16240
[2024-03-28 22:18:52.890842] DEBUG: service.fit: Getting count of all fits for: 73796
[2024-03-28 22:18:52.892836] DEBUG: service.fit: Getting count of all fits for: 32878
[2024-03-28 22:18:52.894832] DEBUG: service.fit: Getting count of all fits for: 16242
[2024-03-28 22:18:52.897823] DEBUG: service.fit: Getting count of all fits for: 73794
[2024-03-28 22:18:52.899818] DEBUG: service.fit: Getting count of all fits for: 78333
[2024-03-28 22:18:52.900815] DEBUG: service.fit: Getting count of all fits for: 78367
[2024-03-28 22:18:52.902810] DEBUG: service.fit: Getting count of all fits for: 42685
[2024-03-28 22:18:52.907841] DEBUG: service.fit: Getting count of all fits for: 49710
[2024-03-28 22:18:55.096821] DEBUG: service.fit: Fetching all fits for ship ID: 32876
[2024-03-28 22:18:57.754641] DEBUG: gui.builtinViews.fittingView: ------------------ new fitting view -------------------
[2024-03-28 22:18:57.754641] DEBUG: gui.builtinViews.fittingView: <gui.builtinViews.fittingView.FittingView object at 0x000001F3C8F1E0E0>
[2024-03-28 22:18:57.754641] DEBUG: gui.builtinViews.fittingView: ###################### Created new view:<gui.builtinViews.fittingView.FittingView object at 0x000001F3C8F1E0E0>
[2024-03-28 22:18:57.755639] DEBUG: gui.builtinViews.fittingView: ====== Fit Selected: <gui.builtinViews.fittingView.FittingView object at 0x000001F3C8F1E0E0>True
[2024-03-28 22:18:57.759627] INFO: service.fit: ==========recalc: Subrat Abyssette 70km Alpha+400kSP 15m==========
[2024-03-28 22:18:57.823457] INFO: eos.saveddata.fit: Starting fit calculation on: Fit(ID=17, ship=Corax, name=Subrat Abyssette 70km Alpha+400kSP 15m) at 0x1f3c7db5cd0, calc: LOCAL
[2024-03-28 22:18:57.826449] INFO: eos.saveddata.fit: Fit is not yet calculated; will be running local calcs for Fit(ID=17, ship=Corax, name=Subrat Abyssette 70km Alpha+400kSP 15m) at 0x1f3c7db5cd0
[2024-03-28 22:18:57.827446] DEBUG: eos.gamedata: Loading skillEffect (Effect132)
[2024-03-28 22:18:57.827446] ERROR: eos.gamedata: AttributeError generating handler: module 'eos.effects' has no attribute 'Effect132'
[2024-03-28 22:18:57.827446] DEBUG: eos.gamedata: Loading gunnerySkillBoostTurretSpeeBonus (Effect413)
[2024-03-28 22:18:57.827446] ERROR: eos.gamedata: AttributeError generating handler: module 'eos.effects' has no attribute 'Effect413'
[2024-03-28 22:18:57.827446] DEBUG: eos.gamedata: Loading gunneryTurretSpeeBonusPostPercentSpeedLocationShipModulesRequiringGunnery (Effect414)
[2024-03-28 22:18:57.828443] DEBUG: eos.gamedata: Loading skillBoostDamageMultiplierBonus (Effect152)
[2024-03-28 22:18:57.828443] ERROR: eos.gamedata: AttributeError generating handler: module 'eos.effects' has no attribute 'Effect152'
[2024-03-28 22:18:57.828443] DEBUG: eos.gamedata: Loading smallHybridTurretDamageMultiplierBonusPostPercentDamageMultiplierLocationShipModulesRequiringSmallHybridTurret (Effect173)
[2024-03-28 22:18:57.829441] DEBUG: eos.gamedata: Loading rapidFiringSkillBoostRofBonus (Effect163)
[2024-03-28 22:18:57.829441] ERROR: eos.gamedata: AttributeError generating handler: module 'eos.effects' has no attribute 'Effect163'
[2024-03-28 22:18:57.829441] DEBUG: eos.gamedata: Loading rapidFiringRofBonusPostPercentSpeedLocationShipModulesRequiringGunnery (Effect582)
[2024-03-28 22:18:57.829441] DEBUG: eos.gamedata: Loading sharpshooterSkillBoostRangeSkillBonus (Effect167)
[2024-03-28 22:18:57.830438] ERROR: eos.gamedata: AttributeError generating handler: module 'eos.effects' has no attribute 'Effect167'
[2024-03-28 22:18:57.830438] DEBUG: eos.gamedata: Loading sharpshooterRangeSkillBonusPostPercentMaxRangeLocationShipModulesRequiringGunnery (Effect290)
[2024-03-28 22:18:57.830438] DEBUG: eos.gamedata: Loading skillBoostTrackingSpeedBonus (Effect2846)
[2024-03-28 22:18:57.830438] ERROR: eos.gamedata: AttributeError generating handler: module 'eos.effects' has no attribute 'Effect2846'
[2024-03-28 22:18:57.830438] DEBUG: eos.gamedata: Loading trackingSpeedBonusPassiveRequiringGunneryTrackingSpeedBonus (Effect2847)
[2024-03-28 22:18:57.831436] DEBUG: eos.gamedata: Loading surgicalStrikeDamageMultiplierBonusPostPercentDamageMultiplierLocationShipGroupEnergyWeapon (Effect587)
[2024-03-28 22:18:57.831436] DEBUG: eos.gamedata: Loading surgicalStrikeDamageMultiplierBonusPostPercentDamageMultiplierLocationShipGroupProjectileWeapon (Effect588)
[2024-03-28 22:18:57.831436] DEBUG: eos.gamedata: Loading surgicalStrikeDamageMultiplierBonusPostPercentDamageMultiplierLocationShipGroupHybridWeapon (Effect589)
[2024-03-28 22:18:57.831436] DEBUG: eos.gamedata: Loading surgicalStrikeDamageMultiplierBonusPostPercentDamageMultiplierLocationShipGroupPrecursorTurret (Effect7097)
[2024-03-28 22:18:57.832433] DEBUG: eos.gamedata: Loading accerationControlSkillBoostCapNeedBonus (Effect225)
[2024-03-28 22:18:57.832433] ERROR: eos.gamedata: AttributeError generating handler: module 'eos.effects' has no attribute 'Effect225'
[2024-03-28 22:18:57.832433] DEBUG: eos.gamedata: Loading controlledBurstsCapNeedBonusPostPercentCapacitorNeedLocationShipModulesRequiringGunnery (Effect287)
[2024-03-28 22:18:57.832433] DEBUG: eos.gamedata: Loading skillBoostFalloffBonus (Effect297)
[2024-03-28 22:18:57.832433] ERROR: eos.gamedata: AttributeError generating handler: module 'eos.effects' has no attribute 'Effect297'
[2024-03-28 22:18:57.832433] DEBUG: eos.gamedata: Loading surgicalStrikeFalloffBonusPostPercentFalloffLocationShipModulesRequiringGunnery (Effect298)
[2024-03-28 22:18:57.833430] DEBUG: eos.gamedata: Loading sensorUpgradesSkillBoostCpuNeedBonus (Effect211)
[2024-03-28 22:18:57.833430] ERROR: eos.gamedata: AttributeError generating handler: module 'eos.effects' has no attribute 'Effect211'
[2024-03-28 22:18:57.833430] DEBUG: eos.gamedata: Loading weaponUpgradesCpuNeedBonusPostPercentCpuLocationShipModulesRequiringGunnery (Effect581)
[2024-03-28 22:18:57.833430] DEBUG: eos.gamedata: Loading weaponUpgradesSkillBoostCpu (Effect672)
[2024-03-28 22:18:57.833430] ERROR: eos.gamedata: AttributeError generating handler: module 'eos.effects' has no attribute 'Effect672'
[2024-03-28 22:18:57.833430] DEBUG: eos.gamedata: Loading weaponUpgradesCpuNeedBonusPostPercentCpuLocationShipModulesRequiringEnergyPulseWeapons (Effect675)
[2024-03-28 22:18:57.833430] DEBUG: eos.gamedata: Loading weaponUpgradesCpuNeedBonusPostPercentCpuLocationShipModulesRequiringMissileLauncherOperation (Effect677)
[2024-03-28 22:18:57.834427] DEBUG: eos.gamedata: Loading weaponUpgradesCpuNeedBonusPostPercentCpuLocationShipModulesRequiringBombLauncher (Effect3519)
[2024-03-28 22:18:57.834427] DEBUG: eos.gamedata: Loading missileSkillRapidLauncherRoF (Effect1763)
[2024-03-28 22:18:57.835425] DEBUG: eos.gamedata: Loading missileEMDmgBonus (Effect660)
[2024-03-28 22:18:57.835425] DEBUG: eos.gamedata: Loading missileExplosiveDmgBonus (Effect661)
[2024-03-28 22:18:57.835425] DEBUG: eos.gamedata: Loading missileThermalDmgBonus (Effect662)
[2024-03-28 22:18:57.835425] DEBUG: eos.gamedata: Loading missileKineticDmgBonus2 (Effect668)
[2024-03-28 22:18:57.835425] DEBUG: eos.gamedata: Loading evasiveManuveringSkillBoostAgilityBonus (Effect232)
[2024-03-28 22:18:57.835425] ERROR: eos.gamedata: AttributeError generating handler: module 'eos.effects' has no attribute 'Effect232'
[2024-03-28 22:18:57.836422] DEBUG: eos.gamedata: Loading evasiveManeuveringAgilityBonusPostPercentAgilityShip (Effect395)
[2024-03-28 22:18:57.836422] DEBUG: eos.gamedata: Loading caldariFrigateSkillLevelPreMulShipBonusCFShip (Effect460)
[2024-03-28 22:18:57.836422] ERROR: eos.gamedata: AttributeError generating handler: module 'eos.effects' has no attribute 'Effect460'
[2024-03-28 22:18:57.836422] DEBUG: eos.gamedata: Loading caldariFrigateSkillLevelPreMulShipBonusCF2Ship (Effect761)
[2024-03-28 22:18:57.836422] ERROR: eos.gamedata: AttributeError generating handler: module 'eos.effects' has no attribute 'Effect761'
[2024-03-28 22:18:57.836422] DEBUG: eos.gamedata: Loading caldariFrigateSkillLevelPreMulShipBonus3CFShip (Effect4599)
[2024-03-28 22:18:57.836422] ERROR: eos.gamedata: AttributeError generating handler: module 'eos.effects' has no attribute 'Effect4599'
[2024-03-28 22:18:57.837419] DEBUG: eos.gamedata: Loading caldariIndustrialSkillLevelPreMulShipBonusCIShip (Effect530)
[2024-03-28 22:18:57.837419] ERROR: eos.gamedata: AttributeError generating handler: module 'eos.effects' has no attribute 'Effect530'
[2024-03-28 22:18:57.837419] DEBUG: eos.gamedata: Loading caldariIndustrialSkillLevelPreMulShipBonusCI2Ship (Effect1291)
[2024-03-28 22:18:57.837419] ERROR: eos.gamedata: AttributeError generating handler: module 'eos.effects' has no attribute 'Effect1291'
[2024-03-28 22:18:57.838417] DEBUG: eos.gamedata: Loading industrySkillBoostManufacturingTimeBonus (Effect412)
[2024-03-28 22:18:57.838417] ERROR: eos.gamedata: AttributeError generating handler: module 'eos.effects' has no attribute 'Effect412'
[2024-03-28 22:18:57.838417] DEBUG: eos.gamedata: Loading industryManufacturingTimeBonusPostPercentManufactureTimeMultiplierChar (Effect425)
[2024-03-28 22:18:57.838417] ERROR: eos.gamedata: AttributeError generating handler: module 'eos.effects' has no attribute 'Effect425'
[2024-03-28 22:18:57.838417] DEBUG: eos.gamedata: Loading astrogeologySkillBoostMiningAmountBonus (Effect389)
[2024-03-28 22:18:57.838417] ERROR: eos.gamedata: AttributeError generating handler: module 'eos.effects' has no attribute 'Effect389'
[2024-03-28 22:18:57.839414] DEBUG: eos.gamedata: Loading astrogeologyMiningAmountBonusPostPercentMiningAmountLocationShipModulesRequiringMining (Effect391)
[2024-03-28 22:18:57.839414] DEBUG: eos.gamedata: Loading hullUpgradesSkillBoostHullHpBonus (Effect251)
[2024-03-28 22:18:57.839414] ERROR: eos.gamedata: AttributeError generating handler: module 'eos.effects' has no attribute 'Effect251'
[2024-03-28 22:18:57.839414] DEBUG: eos.gamedata: Loading mechanicHullHpBonusPostPercentHpShip (Effect392)
[2024-03-28 22:18:57.840411] DEBUG: eos.gamedata: Loading hullUpgradesSkillBoostArmorHpBonus (Effect270)
[2024-03-28 22:18:57.840411] ERROR: eos.gamedata: AttributeError generating handler: module 'eos.effects' has no attribute 'Effect270'
[2024-03-28 22:18:57.840411] DEBUG: eos.gamedata: Loading hullUpgradesArmorHpBonusPostPercentHpLocationShip (Effect271)
[2024-03-28 22:18:57.840411] DEBUG: eos.gamedata: Loading scienceSkillBoostCopySpeedBonus (Effect430)
[2024-03-28 22:18:57.840411] ERROR: eos.gamedata: AttributeError generating handler: module 'eos.effects' has no attribute 'Effect430'
[2024-03-28 22:18:57.841409] DEBUG: eos.gamedata: Loading scienceCopySpeedBonusPostPercentCopySpeedPercentChar (Effect431)
[2024-03-28 22:18:57.841409] ERROR: eos.gamedata: AttributeError generating handler: module 'eos.effects' has no attribute 'Effect431'
[2024-03-28 22:18:57.842406] DEBUG: eos.gamedata: Loading propulsionJammingSkillBoostDurationBonus (Effect208)
[2024-03-28 22:18:57.842406] ERROR: eos.gamedata: AttributeError generating handler: module 'eos.effects' has no attribute 'Effect208'
[2024-03-28 22:18:57.842406] DEBUG: eos.gamedata: Loading systemScanDurationSkillAstrometrics (Effect1409)
[2024-03-28 22:18:57.842406] DEBUG: eos.gamedata: Loading scanStrengthBonusSkillLevelIncrease (Effect2656)
[2024-03-28 22:18:57.842406] ERROR: eos.gamedata: AttributeError generating handler: module 'eos.effects' has no attribute 'Effect2656'
[2024-03-28 22:18:57.842406] DEBUG: eos.gamedata: Loading maxScanDeviationSelfSkillModifier (Effect2820)
[2024-03-28 22:18:57.842406] ERROR: eos.gamedata: AttributeError generating handler: module 'eos.effects' has no attribute 'Effect2820'
[2024-03-28 22:18:57.842406] DEBUG: eos.gamedata: Loading baseMaxScanDeviationModifierRequiringAstrometrics (Effect4161)
[2024-03-28 22:18:57.842406] DEBUG: eos.gamedata: Loading baseSensorStrengthModifierRequiringAstrometrics (Effect4162)
[2024-03-28 22:18:57.843403] DEBUG: eos.gamedata: Loading engineeringSkillBoostPowerOutputBonus (Effect218)
[2024-03-28 22:18:57.843403] ERROR: eos.gamedata: AttributeError generating handler: module 'eos.effects' has no attribute 'Effect218'
[2024-03-28 22:18:57.843403] DEBUG: eos.gamedata: Loading engineeringPowerEngineeringOutputBonusPostPercentPowerOutputLocationShipGroupPowerCore (Effect490)
[2024-03-28 22:18:57.843403] DEBUG: eos.gamedata: Loading energyManagementSkillBoostCapRechargeBonus (Effect220)
[2024-03-28 22:18:57.843403] ERROR: eos.gamedata: AttributeError generating handler: module 'eos.effects' has no attribute 'Effect220'
[2024-03-28 22:18:57.844401] DEBUG: eos.gamedata: Loading capacitorRechargeTimeBonusPostPercentPassive (Effect485)
[2024-03-28 22:18:57.844401] DEBUG: eos.gamedata: Loading energyManagementSkillBoostCapacitorCapacityBonus (Effect2431)
[2024-03-28 22:18:57.844401] ERROR: eos.gamedata: AttributeError generating handler: module 'eos.effects' has no attribute 'Effect2431'
[2024-03-28 22:18:57.844401] DEBUG: eos.gamedata: Loading energyManagementCapacitorCapacityBonusPostPercentPassive (Effect2432)
[2024-03-28 22:18:57.845398] DEBUG: eos.gamedata: Loading shieldManagementSkillBoostShieldCapacityBonus (Effect280)
[2024-03-28 22:18:57.845398] ERROR: eos.gamedata: AttributeError generating handler: module 'eos.effects' has no attribute 'Effect280'
[2024-03-28 22:18:57.845398] DEBUG: eos.gamedata: Loading shieldManagementShieldCapacityBonusPostPercentCapacityLocationShipGroupShield (Effect446)
[2024-03-28 22:18:57.845398] DEBUG: eos.gamedata: Loading tacticalshieldManipulationSkillBoostUniformityBonus (Effect277)
[2024-03-28 22:18:57.845398] DEBUG: eos.gamedata: Loading tacticalShieldManipulationBonus2 (Effect3254)
[2024-03-28 22:18:57.846396] ERROR: eos.gamedata: AttributeError generating handler: module 'eos.effects' has no attribute 'Effect3254'
[2024-03-28 22:18:57.846396] DEBUG: eos.gamedata: Loading energyGridUpgradesCpuNeedBonusPostPercentCpuLocationShipModulesRequiringEnergyGridUpgrades (Effect396)
[2024-03-28 22:18:57.847393] DEBUG: eos.gamedata: Loading sensorUpgradesSkillBoostPowerNeedBonus (Effect246)
[2024-03-28 22:18:57.847393] ERROR: eos.gamedata: AttributeError generating handler: module 'eos.effects' has no attribute 'Effect246'
[2024-03-28 22:18:57.847393] DEBUG: eos.gamedata: Loading shieldUpgradesPowerNeedBonusPostPercentPowerLocationShipModulesRequiringShieldUpgrades (Effect273)
[2024-03-28 22:18:57.847393] DEBUG: eos.gamedata: Loading gallenteFrigateSkillBoostCpuOutputBonus (Effect368)
[2024-03-28 22:18:57.847393] ERROR: eos.gamedata: AttributeError generating handler: module 'eos.effects' has no attribute 'Effect368'
[2024-03-28 22:18:57.847393] DEBUG: eos.gamedata: Loading electronicsCpuOutputBonusPostPercentCpuOutputLocationShipGroupComputer (Effect397)
[2024-03-28 22:18:57.848390] DEBUG: eos.gamedata: Loading ewSkillEwCapNeedSkillLevel (Effect1372)
[2024-03-28 22:18:57.848390] DEBUG: eos.gamedata: Loading ewSkillEcmBurstCapNeedBonus (Effect2492)
[2024-03-28 22:18:57.849388] DEBUG: eos.gamedata: Loading longRangeTargetingSkillBoostMaxTargetRangeBonus (Effect206)
[2024-03-28 22:18:57.849388] ERROR: eos.gamedata: AttributeError generating handler: module 'eos.effects' has no attribute 'Effect206'
[2024-03-28 22:18:57.849388] DEBUG: eos.gamedata: Loading longRangeTargetingMaxTargetRangeBonusPostPercentMaxTargetRangeLocationShipGroupElectronic (Effect507)
[2024-03-28 22:18:57.849388] DEBUG: eos.gamedata: Loading targetingSkillBoostMaxTargetBonus (Effect213)
[2024-03-28 22:18:57.849388] ERROR: eos.gamedata: AttributeError generating handler: module 'eos.effects' has no attribute 'Effect213'
[2024-03-28 22:18:57.849388] DEBUG: eos.gamedata: Loading targetingMaxTargetBonusModAddMaxLockedTargetsLocationChar (Effect214)
[2024-03-28 22:18:57.850385] DEBUG: eos.gamedata: Loading signatureAnalysisSkillLevelPreMulScanResolutionBonusSelf (Effect698)
[2024-03-28 22:18:57.850385] ERROR: eos.gamedata: AttributeError generating handler: module 'eos.effects' has no attribute 'Effect698'
[2024-03-28 22:18:57.850385] DEBUG: eos.gamedata: Loading signatureAnalysisScanResolutionBonusPostPercentScanResolutionShip (Effect699)
[2024-03-28 22:18:57.851382] DEBUG: eos.gamedata: Loading sensorUpgradesCpuNeedBonusPostPercentCpuLocationShipModulesRequiringSensorUpgrades (Effect212)
[2024-03-28 22:18:57.851382] DEBUG: eos.gamedata: Loading propulsionSkillCapNeedBonusSkillLevel (Effect1410)
[2024-03-28 22:18:57.852380] DEBUG: eos.gamedata: Loading dronesSkillBoostMaxActiveDroneBonus (Effect315)
[2024-03-28 22:18:57.852380] DEBUG: eos.gamedata: Loading dronesMaxActiveDroneBonusModAddMaxActiveLocationChar (Effect316)
[2024-03-28 22:18:57.852380] ERROR: eos.gamedata: AttributeError generating handler: module 'eos.effects' has no attribute 'Effect316'
[2024-03-28 22:18:57.852380] DEBUG: eos.gamedata: Loading scoutDroneOperationSkillBoostDroneRangeBonus (Effect448)
[2024-03-28 22:18:57.852380] ERROR: eos.gamedata: AttributeError generating handler: module 'eos.effects' has no attribute 'Effect448'
[2024-03-28 22:18:57.852380] DEBUG: eos.gamedata: Loading scoutDroneOperationDroneRangeBonusModAddDroneControlDistanceChar (Effect504)
[2024-03-28 22:18:57.853377] DEBUG: eos.gamedata: Loading tradeSkillBoostTradePremiumBonus (Effect415)
[2024-03-28 22:18:57.853377] ERROR: eos.gamedata: AttributeError generating handler: module 'eos.effects' has no attribute 'Effect415'
[2024-03-28 22:18:57.853377] DEBUG: eos.gamedata: Loading tradeTradePremiumBonusPostPercentTradePremiumChar (Effect416)
[2024-03-28 22:18:57.853377] ERROR: eos.gamedata: AttributeError generating handler: module 'eos.effects' has no attribute 'Effect416'
[2024-03-28 22:18:57.854374] DEBUG: eos.gamedata: Loading navigationSkillBoostVelocityBonus (Effect222)
[2024-03-28 22:18:57.854374] ERROR: eos.gamedata: AttributeError generating handler: module 'eos.effects' has no attribute 'Effect222'
[2024-03-28 22:18:57.854374] DEBUG: eos.gamedata: Loading navigationVelocityBonusPostPercentMaxVelocityShip (Effect394)
[2024-03-28 22:18:57.854374] DEBUG: eos.gamedata: Loading afterburnerDurationBonusPostPercentDurationLocationShipModulesRequiringAfterburner (Effect230)
[2024-03-28 22:18:57.854374] DEBUG: eos.gamedata: Loading fuelConservationCapNeedBonusPostPercentCapacitorNeedLocationShipModulesRequiringAfterburner (Effect506)
[2024-03-28 22:18:57.855372] DEBUG: eos.gamedata: Loading highSpeedManuveringSkillBoostCapacitorNeedMultiplier (Effect243)
[2024-03-28 22:18:57.855372] ERROR: eos.gamedata: AttributeError generating handler: module 'eos.effects' has no attribute 'Effect243'
[2024-03-28 22:18:57.855372] DEBUG: eos.gamedata: Loading highSpeedManuveringCapacitorNeedMultiplierPostPercentCapacitorNeedLocationShipModulesRequiringHighSpeedManuvering (Effect244)
[2024-03-28 22:18:57.856369] DEBUG: eos.gamedata: Loading warpdriveoperationSkillBoostWarpCapacitorNeedBonus (Effect234)
[2024-03-28 22:18:57.856369] ERROR: eos.gamedata: AttributeError generating handler: module 'eos.effects' has no attribute 'Effect234'
[2024-03-28 22:18:57.856369] DEBUG: eos.gamedata: Loading warpDriveOperationWarpCapacitorNeedBonusPostPercentWarpCapacitorNeedLocationShipGroupPropulsion (Effect494)
[2024-03-28 22:18:57.857366] DEBUG: eos.gamedata: Loading signatureAnalysisSkillBoostScanspeedBonus (Effect204)
[2024-03-28 22:18:57.857366] ERROR: eos.gamedata: AttributeError generating handler: module 'eos.effects' has no attribute 'Effect204'
[2024-03-28 22:18:57.857366] DEBUG: eos.gamedata: Loading signatureAnalysisScanspeedBonusPostPercentScanSpeedLocationShip (Effect205)
[2024-03-28 22:18:57.857366] ERROR: eos.gamedata: AttributeError generating handler: module 'eos.effects' has no attribute 'Effect205'
[2024-03-28 22:18:57.857366] DEBUG: eos.gamedata: Loading surveyScanspeedBonusPostPercentDurationLocationShipModulesRequiringElectronics (Effect744)
[2024-03-28 22:18:57.858364] DEBUG: eos.gamedata: Loading skillAdvancedWeaponUpgradesPowerNeedBonus (Effect1638)
[2024-03-28 22:18:57.858364] DEBUG: eos.gamedata: Loading skillAdvancedWeaponUpgradesPowerNeedBonusBombLaunchers (Effect3520)
[2024-03-28 22:18:57.859361] DEBUG: eos.gamedata: Loading heavyMissilesSkillBoostMaxflightTimeBonus (Effect663)
[2024-03-28 22:18:57.859361] ERROR: eos.gamedata: AttributeError generating handler: module 'eos.effects' has no attribute 'Effect663'
[2024-03-28 22:18:57.859361] DEBUG: eos.gamedata: Loading missileBombardmentMaxFlightTimeBonusPostPercentExplosionDelayOwnerCharModulesRequiringMissileLauncherOperation (Effect784)
[2024-03-28 22:18:57.859361] DEBUG: eos.gamedata: Loading archaeologyAccessDifficultyBonusMultiplier (Effect4803)
[2024-03-28 22:18:57.860358] ERROR: eos.gamedata: AttributeError generating handler: module 'eos.effects' has no attribute 'Effect4803'
[2024-03-28 22:18:57.860358] DEBUG: eos.gamedata: Loading dataMiningSkillBoostAccessDifficultyBonusAbsolutePercent (Effect4804)
[2024-03-28 22:18:57.860358] DEBUG: eos.gamedata: Loading dataMiningSkillLevelVirusCoherenceBonusModifier2 (Effect5435)
[2024-03-28 22:18:57.860358] ERROR: eos.gamedata: AttributeError generating handler: module 'eos.effects' has no attribute 'Effect5435'
[2024-03-28 22:18:57.860358] DEBUG: eos.gamedata: Loading archaeologySkillVirusBonus (Effect5437)
[2024-03-28 22:18:57.861356] DEBUG: eos.gamedata: Loading hackingAccessDifficultyBonusMultiplier (Effect4802)
[2024-03-28 22:18:57.861356] ERROR: eos.gamedata: AttributeError generating handler: module 'eos.effects' has no attribute 'Effect4802'
[2024-03-28 22:18:57.861356] DEBUG: eos.gamedata: Loading hackingSkillVirusBonus (Effect5433)
[2024-03-28 22:18:57.862353] DEBUG: eos.gamedata: Loading salvagingAccessDifficultyBonusMultiplier (Effect4801)
[2024-03-28 22:18:57.862353] ERROR: eos.gamedata: AttributeError generating handler: module 'eos.effects' has no attribute 'Effect4801'
[2024-03-28 22:18:57.863350] DEBUG: eos.gamedata: Loading miningFrigateSkillLevelOreMiningYieldBonus (Effect5137)
[2024-03-28 22:18:57.863350] ERROR: eos.gamedata: AttributeError generating handler: module 'eos.effects' has no attribute 'Effect5137'
[2024-03-28 22:18:57.863350] DEBUG: eos.gamedata: Loading miningFrigateSkillLevelGasCloudHarvesting (Effect8314)
[2024-03-28 22:18:57.863350] ERROR: eos.gamedata: AttributeError generating handler: module 'eos.effects' has no attribute 'Effect8314'
[2024-03-28 22:18:57.863350] DEBUG: eos.gamedata: Loading miningFrigateSkillLevelIceHarvestingDuration (Effect8318)
[2024-03-28 22:18:57.863350] ERROR: eos.gamedata: AttributeError generating handler: module 'eos.effects' has no attribute 'Effect8318'
[2024-03-28 22:18:57.864347] DEBUG: eos.gamedata: Loading destroyerSkillLevelPreMulShipBonusCD1Ship (Effect5278)
[2024-03-28 22:18:57.864347] ERROR: eos.gamedata: AttributeError generating handler: module 'eos.effects' has no attribute 'Effect5278'
[2024-03-28 22:18:57.864347] DEBUG: eos.gamedata: Loading destroyerSkillLevelPreMulShipBonusCD2Ship (Effect5279)
[2024-03-28 22:18:57.864347] ERROR: eos.gamedata: AttributeError generating handler: module 'eos.effects' has no attribute 'Effect5279'
[2024-03-28 22:18:57.864347] DEBUG: eos.gamedata: Loading destroyerSkillLevelPreMulShipBonusCaldariNavyDestroyer (Effect11447)
[2024-03-28 22:18:57.864347] ERROR: eos.gamedata: AttributeError generating handler: module 'eos.effects' has no attribute 'Effect11447'
[2024-03-28 22:18:57.865345] DEBUG: eos.gamedata: Loading missileSkillMissileProjectileVelocityBonus (Effect1764)
[2024-03-28 22:18:57.865345] DEBUG: eos.gamedata: Loading missileSkillMissileProjectileVelocityBonusSkillLevel (Effect1765)
[2024-03-28 22:18:57.865345] ERROR: eos.gamedata: AttributeError generating handler: module 'eos.effects' has no attribute 'Effect1765'
[2024-03-28 22:18:57.866342] DEBUG: eos.gamedata: Loading missileSkillAoeVelocityBonusSkillLevel (Effect1467)
[2024-03-28 22:18:57.866342] ERROR: eos.gamedata: AttributeError generating handler: module 'eos.effects' has no attribute 'Effect1467'
[2024-03-28 22:18:57.866342] DEBUG: eos.gamedata: Loading missileSkillAoeVelocityBonus (Effect1590)
[2024-03-28 22:18:57.866342] DEBUG: eos.gamedata: Loading missileSkillWarheadUpgradesEmDamageBonus (Effect1595)
[2024-03-28 22:18:57.867340] DEBUG: eos.gamedata: Loading missileSkillWarheadUpgradesExplosiveDamageBonus (Effect1596)
[2024-03-28 22:18:57.867340] DEBUG: eos.gamedata: Loading missileSkillWarheadUpgradesKineticDamageBonus (Effect1597)
[2024-03-28 22:18:57.867340] DEBUG: eos.gamedata: Loading missileSkillWarheadUpgradesThermalDamageBonus (Effect1657)
[2024-03-28 22:18:57.867340] DEBUG: eos.gamedata: Loading selfRof (Effect1851)
[2024-03-28 22:18:57.868337] DEBUG: eos.gamedata: Loading missileSkillAoeCloudSizeBonus (Effect1472)
[2024-03-28 22:18:57.868337] DEBUG: eos.gamedata: Loading missileSkillAoeCloudSizeBonusSkillLevel (Effect1473)
[2024-03-28 22:18:57.868337] ERROR: eos.gamedata: AttributeError generating handler: module 'eos.effects' has no attribute 'Effect1473'
[2024-03-28 22:18:57.868337] DEBUG: eos.gamedata: Loading negotiationSkillBoostNegotiationBonus (Effect403)
[2024-03-28 22:18:57.868337] ERROR: eos.gamedata: AttributeError generating handler: module 'eos.effects' has no attribute 'Effect403'
[2024-03-28 22:18:57.869334] DEBUG: eos.gamedata: Loading negotiationNegotiationBonusPostPercentNegotiationPercentageChar (Effect404)
[2024-03-28 22:18:57.869334] ERROR: eos.gamedata: AttributeError generating handler: module 'eos.effects' has no attribute 'Effect404'
[2024-03-28 22:18:57.869334] DEBUG: eos.gamedata: Loading miningUpgradeCPUReductionBonus (Effect1895)
[2024-03-28 22:18:57.869334] ERROR: eos.gamedata: AttributeError generating handler: module 'eos.effects' has no attribute 'Effect1895'
[2024-03-28 22:18:57.869334] DEBUG: eos.gamedata: Loading miningUpgradeCPUPenaltyReductionModulesRequiringMiningUpgradePercent (Effect2456)
[2024-03-28 22:18:57.870332] DEBUG: eos.gamedata: Loading expeditionFrigateSkillLevelSignatureRadius (Effect5851)
[2024-03-28 22:18:57.870332] ERROR: eos.gamedata: AttributeError generating handler: module 'eos.effects' has no attribute 'Effect5851'
[2024-03-28 22:18:57.870332] DEBUG: eos.gamedata: Loading expeditionFrigateSkillLevelMiningLaserDuration (Effect8212)
[2024-03-28 22:18:57.870332] ERROR: eos.gamedata: AttributeError generating handler: module 'eos.effects' has no attribute 'Effect8212'
[2024-03-28 22:18:57.870332] DEBUG: eos.gamedata: Loading expeditionFrigateSkillLevelIceHarvestingrDuration (Effect8213)
[2024-03-28 22:18:57.870332] ERROR: eos.gamedata: AttributeError generating handler: module 'eos.effects' has no attribute 'Effect8213'
[2024-03-28 22:18:57.870332] DEBUG: eos.gamedata: Loading expeditionFrigateSkillLevelGasHarvestingrDuration (Effect8214)
[2024-03-28 22:18:57.870332] ERROR: eos.gamedata: AttributeError generating handler: module 'eos.effects' has no attribute 'Effect8214'
[2024-03-28 22:18:57.870332] DEBUG: eos.gamedata: Loading expeditionFrigateSkillLevelArmorResistance (Effect8216)
[2024-03-28 22:18:57.870332] ERROR: eos.gamedata: AttributeError generating handler: module 'eos.effects' has no attribute 'Effect8216'
[2024-03-28 22:18:57.871329] DEBUG: eos.gamedata: Loading expeditionFrigateSkillLevelShieldResistance (Effect8239)
[2024-03-28 22:18:57.871329] ERROR: eos.gamedata: AttributeError generating handler: module 'eos.effects' has no attribute 'Effect8239'
[2024-03-28 22:18:57.871329] DEBUG: eos.gamedata: Loading expeditionFrigateSkillLevelLightDronesDamage (Effect8282)
[2024-03-28 22:18:57.871329] ERROR: eos.gamedata: AttributeError generating handler: module 'eos.effects' has no attribute 'Effect8282'
[2024-03-28 22:18:57.871329] DEBUG: eos.gamedata: Loading expeditionFrigateSkillLevelMediumDronesDamage (Effect8285)
[2024-03-28 22:18:57.871329] ERROR: eos.gamedata: AttributeError generating handler: module 'eos.effects' has no attribute 'Effect8285'
[2024-03-28 22:18:57.871329] DEBUG: eos.gamedata: Loading expeditionFrigateSkillLevelOreMiningYield (Effect8316)
[2024-03-28 22:18:57.871329] ERROR: eos.gamedata: AttributeError generating handler: module 'eos.effects' has no attribute 'Effect8316'
[2024-03-28 22:18:57.871329] DEBUG: eos.gamedata: Loading shieldCompensationSkillBoostHardeningBonus (Effect1897)
[2024-03-28 22:18:57.872326] ERROR: eos.gamedata: AttributeError generating handler: module 'eos.effects' has no attribute 'Effect1897'
[2024-03-28 22:18:57.872326] DEBUG: eos.gamedata: Loading emShieldCompensationHardeningBonusGroupShieldAmp (Effect2053)
[2024-03-28 22:18:57.872326] DEBUG: eos.gamedata: Loading kineticShieldCompensationHardeningBonusGroupShieldAmp (Effect2055)
[2024-03-28 22:18:57.873324] DEBUG: eos.gamedata: Loading explosiveShieldCompensationHardeningBonusGroupShieldAmp (Effect2054)
[2024-03-28 22:18:57.873324] DEBUG: eos.gamedata: Loading gallenteFrigateSkillLevelPreMulShipBonusGFShip (Effect468)
[2024-03-28 22:18:57.873324] ERROR: eos.gamedata: AttributeError generating handler: module 'eos.effects' has no attribute 'Effect468'
[2024-03-28 22:18:57.873324] DEBUG: eos.gamedata: Loading gallenteFrigateSkillLevelPreMulShipBonusGF2Ship (Effect751)
[2024-03-28 22:18:57.873324] ERROR: eos.gamedata: AttributeError generating handler: module 'eos.effects' has no attribute 'Effect751'
[2024-03-28 22:18:57.873324] DEBUG: eos.gamedata: Loading gallenteFrigateSkillLevelPreMulShipBonus3GFShip (Effect4600)
[2024-03-28 22:18:57.874321] ERROR: eos.gamedata: AttributeError generating handler: module 'eos.effects' has no attribute 'Effect4600'
[2024-03-28 22:18:57.874321] DEBUG: eos.gamedata: Loading socialSkillBoostSocialMutator (Effect406)
[2024-03-28 22:18:57.874321] ERROR: eos.gamedata: AttributeError generating handler: module 'eos.effects' has no attribute 'Effect406'
[2024-03-28 22:18:57.875318] DEBUG: eos.gamedata: Loading diplomacySkillBoostDiplomacyMutator (Effect348)
[2024-03-28 22:18:57.875318] ERROR: eos.gamedata: AttributeError generating handler: module 'eos.effects' has no attribute 'Effect348'
[2024-03-28 22:18:57.875318] DEBUG: eos.gamedata: Loading diplomacyDiplomacyMutatorModAddDiplomacyBonusChar (Effect349)
[2024-03-28 22:18:57.875318] ERROR: eos.gamedata: AttributeError generating handler: module 'eos.effects' has no attribute 'Effect349'
[2024-03-28 22:18:57.875318] DEBUG: eos.gamedata: Loading connectionsSkillBoostConnectionBonusMutator (Effect344)
[2024-03-28 22:18:57.876316] ERROR: eos.gamedata: AttributeError generating handler: module 'eos.effects' has no attribute 'Effect344'
[2024-03-28 22:18:57.876316] DEBUG: eos.gamedata: Loading connectionsConnectionBonusMutatorModAddConnectionsBonusChar (Effect399)
[2024-03-28 22:18:57.876316] ERROR: eos.gamedata: AttributeError generating handler: module 'eos.effects' has no attribute 'Effect399'
[2024-03-28 22:18:57.876316] DEBUG: eos.gamedata: Loading criminalConnectionsSkillBoostCriminalConnectionsMutator (Effect346)
[2024-03-28 22:18:57.876316] ERROR: eos.gamedata: AttributeError generating handler: module 'eos.effects' has no attribute 'Effect346'
[2024-03-28 22:18:57.876316] DEBUG: eos.gamedata: Loading criminalConnectionsCriminalConnectionsMutatorModAddCriminalConnectionsBonusChar (Effect402)
[2024-03-28 22:18:57.876316] ERROR: eos.gamedata: AttributeError generating handler: module 'eos.effects' has no attribute 'Effect402'
[2024-03-28 22:18:57.877313] DEBUG: eos.gamedata: Loading thermalShieldCompensationHardeningBonusGroupShieldAmp (Effect2056)
[2024-03-28 22:18:57.877313] DEBUG: eos.gamedata: Loading destroyerSkillLevelPreMulShipBonusGD1Ship (Effect5280)
[2024-03-28 22:18:57.878310] ERROR: eos.gamedata: AttributeError generating handler: module 'eos.effects' has no attribute 'Effect5280'
[2024-03-28 22:18:57.878310] DEBUG: eos.gamedata: Loading destroyerSkillLevelPreMulShipBonusGD2Ship (Effect5281)
[2024-03-28 22:18:57.878310] ERROR: eos.gamedata: AttributeError generating handler: module 'eos.effects' has no attribute 'Effect5281'
[2024-03-28 22:18:57.878310] DEBUG: eos.gamedata: Loading destroyerSkillLevelPreMulShipBonusGallenteNavyDestroyer (Effect11451)
[2024-03-28 22:18:57.878310] ERROR: eos.gamedata: AttributeError generating handler: module 'eos.effects' has no attribute 'Effect11451'
[2024-03-28 22:18:57.878310] DEBUG: eos.gamedata: Loading biologyTimeBonusFixed (Effect2866)
[2024-03-28 22:18:57.879308] DEBUG: eos.gamedata: Loading shieldoperationSkillBoostRechargeratebonus (Effect283)
[2024-03-28 22:18:57.879308] ERROR: eos.gamedata: AttributeError generating handler: module 'eos.effects' has no attribute 'Effect283'
[2024-03-28 22:18:57.879308] DEBUG: eos.gamedata: Loading shieldOperationRechargeratebonusPostPercentRechargeRateLocationShipGroupShield (Effect486)
[2024-03-28 22:18:57.880305] DEBUG: eos.gamedata: Loading accerationControlSkillBoostSpeedFBonus (Effect228)
[2024-03-28 22:18:57.880305] ERROR: eos.gamedata: AttributeError generating handler: module 'eos.effects' has no attribute 'Effect228'
[2024-03-28 22:18:57.880305] DEBUG: eos.gamedata: Loading accerationControlSkillAb&MwdSpeedBoost (Effect1176)
[2024-03-28 22:18:57.881302] DEBUG: eos.gamedata: Loading shieldOperationSkillBoostCapacitorNeedBonusSkillLevel (Effect1499)
[2024-03-28 22:18:57.881302] ERROR: eos.gamedata: AttributeError generating handler: module 'eos.effects' has no attribute 'Effect1499'
[2024-03-28 22:18:57.881302] DEBUG: eos.gamedata: Loading shieldOperationSkillBoostCapacitorNeedBonus (Effect1500)
[2024-03-28 22:18:57.882300] DEBUG: eos.gamedata: Loading iceHarvestCycleTimeModulesRequiringIceHarvesting (Effect1190)
[2024-03-28 22:18:57.882300] DEBUG: eos.gamedata: Loading iceHarvestCycleTimeBonus (Effect1191)
[2024-03-28 22:18:57.882300] ERROR: eos.gamedata: AttributeError generating handler: module 'eos.effects' has no attribute 'Effect1191'
[2024-03-28 22:18:57.882300] DEBUG: eos.gamedata: Loading damageMultiplierSkillBonus (Effect146)
[2024-03-28 22:18:57.882300] ERROR: eos.gamedata: AttributeError generating handler: module 'eos.effects' has no attribute 'Effect146'
[2024-03-28 22:18:57.882300] DEBUG: eos.gamedata: Loading droneDmgBonus (Effect1730)
[2024-03-28 22:18:57.883297] DEBUG: eos.gamedata: Loading miningForemanDurationBonus (Effect6774)
[2024-03-28 22:18:57.884294] DEBUG: eos.gamedata: Loading skillMultiplierMaxVelocityBonus (Effect6666)
[2024-03-28 22:18:57.884294] ERROR: eos.gamedata: AttributeError generating handler: module 'eos.effects' has no attribute 'Effect6666'
[2024-03-28 22:18:57.884294] DEBUG: eos.gamedata: Loading miningDroneSpecBonus (Effect6762)
[2024-03-28 22:18:57.884294] DEBUG: eos.gamedata: Loading armoredCommandDurationBonus (Effect6770)
[2024-03-28 22:18:57.885292] DEBUG: eos.gamedata: Loading informationCommandDurationBonus (Effect6772)
[2024-03-28 22:18:57.886289] DEBUG: eos.gamedata: Loading skillBonusDroneNavigation (Effect6667)
[2024-03-28 22:18:57.886289] DEBUG: eos.gamedata: Loading exhumersSkillLevelOreMiningDuration (Effect8246)
[2024-03-28 22:18:57.886289] ERROR: eos.gamedata: AttributeError generating handler: module 'eos.effects' has no attribute 'Effect8246'
[2024-03-28 22:18:57.886289] DEBUG: eos.gamedata: Loading exhumersSkillLevelIceharvestingDuration (Effect8247)
[2024-03-28 22:18:57.886289] ERROR: eos.gamedata: AttributeError generating handler: module 'eos.effects' has no attribute 'Effect8247'
[2024-03-28 22:18:57.887286] DEBUG: eos.gamedata: Loading exhumersSkillLevelSingatureRadius (Effect8248)
[2024-03-28 22:18:57.887286] ERROR: eos.gamedata: AttributeError generating handler: module 'eos.effects' has no attribute 'Effect8248'
[2024-03-28 22:18:57.887286] DEBUG: eos.gamedata: Loading exhumersSkillLevelOreMiningYield (Effect8250)
[2024-03-28 22:18:57.887286] ERROR: eos.gamedata: AttributeError generating handler: module 'eos.effects' has no attribute 'Effect8250'
[2024-03-28 22:18:57.887286] DEBUG: eos.gamedata: Loading exhumersSkillLevelGeneralMiningHoldCapacity (Effect8252)
[2024-03-28 22:18:57.887286] ERROR: eos.gamedata: AttributeError generating handler: module 'eos.effects' has no attribute 'Effect8252'
[2024-03-28 22:18:57.887286] DEBUG: eos.gamedata: Loading exhumersSkillLevelShieldResistance (Effect8255)
[2024-03-28 22:18:57.887286] ERROR: eos.gamedata: AttributeError generating handler: module 'eos.effects' has no attribute 'Effect8255'
[2024-03-28 22:18:57.887286] DEBUG: eos.gamedata: Loading exhumersSkillLevelArmorResistance (Effect8256)
[2024-03-28 22:18:57.887286] ERROR: eos.gamedata: AttributeError generating handler: module 'eos.effects' has no attribute 'Effect8256'
[2024-03-28 22:18:57.887286] DEBUG: eos.gamedata: Loading exhumersSkillLevelLightDronesDamage (Effect8259)
[2024-03-28 22:18:57.887286] ERROR: eos.gamedata: AttributeError generating handler: module 'eos.effects' has no attribute 'Effect8259'
[2024-03-28 22:18:57.887286] DEBUG: eos.gamedata: Loading exhumersSkillLevelMediumDronesDamage (Effect8260)
[2024-03-28 22:18:57.887286] ERROR: eos.gamedata: AttributeError generating handler: module 'eos.effects' has no attribute 'Effect8260'
[2024-03-28 22:18:57.887286] DEBUG: eos.gamedata: Loading exhumersSkillLevelGasHarvestingDuration (Effect8302)
[2024-03-28 22:18:57.887286] ERROR: eos.gamedata: AttributeError generating handler: module 'eos.effects' has no attribute 'Effect8302'
[2024-03-28 22:18:57.888283] DEBUG: eos.gamedata: Loading commandBurstStrengthSkillBonus (Effect6775)
[2024-03-28 22:18:57.888283] ERROR: eos.gamedata: AttributeError generating handler: module 'eos.effects' has no attribute 'Effect6775'
[2024-03-28 22:18:57.888283] DEBUG: eos.gamedata: Loading miningForemanStrengthBonus (Effect6780)
[2024-03-28 22:18:57.889281] DEBUG: eos.gamedata: Loading skillReactiveArmorHardenerDurationBonus (Effect4976)
[2024-03-28 22:18:57.889281] DEBUG: eos.gamedata: Loading skillReactiveArmorHardenerCapNeedBonus (Effect5162)
[2024-03-28 22:18:57.889281] DEBUG: eos.gamedata: Loading cloneVatMaxJumpCloneBonusSkillLevel (Effect2411)
[2024-03-28 22:18:57.889281] ERROR: eos.gamedata: AttributeError generating handler: module 'eos.effects' has no attribute 'Effect2411'
[2024-03-28 22:18:57.889281] DEBUG: eos.gamedata: Loading cloneVatMaxJumpCloneBonusSkillNew (Effect3313)
[2024-03-28 22:18:57.890278] DEBUG: eos.gamedata: Loading invulnerabilityCoreDurationBonus (Effect6807)
[2024-03-28 22:18:57.891276] DEBUG: eos.gamedata: Loading skillMultiplierFighterHangarSize (Effect6569)
[2024-03-28 22:18:57.891276] ERROR: eos.gamedata: AttributeError generating handler: module 'eos.effects' has no attribute 'Effect6569'
[2024-03-28 22:18:57.891276] DEBUG: eos.gamedata: Loading skillBonusFighterHangarManagement (Effect6570)
[2024-03-28 22:18:57.892273] DEBUG: eos.gamedata: Loading freighterA1SkillLevel (Effect1659)
[2024-03-28 22:18:57.892273] ERROR: eos.gamedata: AttributeError generating handler: module 'eos.effects' has no attribute 'Effect1659'
[2024-03-28 22:18:57.892273] DEBUG: eos.gamedata: Loading freighterA2SkillLevel (Effect1660)
[2024-03-28 22:18:57.892273] ERROR: eos.gamedata: AttributeError generating handler: module 'eos.effects' has no attribute 'Effect1660'
[2024-03-28 22:18:57.892273] DEBUG: eos.gamedata: Loading skillMultiplierShipBonusDreadnoughtAmarr (Effect6489)
[2024-03-28 22:18:57.892273] ERROR: eos.gamedata: AttributeError generating handler: module 'eos.effects' has no attribute 'Effect6489'
[2024-03-28 22:18:57.893270] DEBUG: eos.gamedata: Loading freighterC1SkillLevel (Effect1661)
[2024-03-28 22:18:57.893270] ERROR: eos.gamedata: AttributeError generating handler: module 'eos.effects' has no attribute 'Effect1661'
[2024-03-28 22:18:57.893270] DEBUG: eos.gamedata: Loading freighterC2SkillLevel (Effect1663)
[2024-03-28 22:18:57.893270] ERROR: eos.gamedata: AttributeError generating handler: module 'eos.effects' has no attribute 'Effect1663'
[2024-03-28 22:18:57.894268] DEBUG: eos.gamedata: Loading freighterG1SkillLevel (Effect1664)
[2024-03-28 22:18:57.894268] ERROR: eos.gamedata: AttributeError generating handler: module 'eos.effects' has no attribute 'Effect1664'
[2024-03-28 22:18:57.894268] DEBUG: eos.gamedata: Loading freighterG2SkillLevel (Effect1665)
[2024-03-28 22:18:57.894268] ERROR: eos.gamedata: AttributeError generating handler: module 'eos.effects' has no attribute 'Effect1665'
[2024-03-28 22:18:57.894268] DEBUG: eos.gamedata: Loading freighterM1SkillLevel (Effect1666)
[2024-03-28 22:18:57.894268] ERROR: eos.gamedata: AttributeError generating handler: module 'eos.effects' has no attribute 'Effect1666'
[2024-03-28 22:18:57.895265] DEBUG: eos.gamedata: Loading freighterM2SkillLevel (Effect1667)
[2024-03-28 22:18:57.895265] ERROR: eos.gamedata: AttributeError generating handler: module 'eos.effects' has no attribute 'Effect1667'
[2024-03-28 22:18:57.895265] DEBUG: eos.gamedata: Loading laboratoryOperationSkillLevelModAddMaxLaborotorySlotsChar (Effect566)
[2024-03-28 22:18:57.895265] ERROR: eos.gamedata: AttributeError generating handler: module 'eos.effects' has no attribute 'Effect566'
[2024-03-28 22:18:57.896262] DEBUG: eos.gamedata: Loading skillMultiplierShipBonusDreadnoughtCaldari (Effect6492)
[2024-03-28 22:18:57.896262] ERROR: eos.gamedata: AttributeError generating handler: module 'eos.effects' has no attribute 'Effect6492'
[2024-03-28 22:18:57.896262] DEBUG: eos.gamedata: Loading skillMultiplierShipBonusDreadnoughtGallente (Effect6495)
[2024-03-28 22:18:57.896262] ERROR: eos.gamedata: AttributeError generating handler: module 'eos.effects' has no attribute 'Effect6495'
[2024-03-28 22:18:57.897260] DEBUG: eos.gamedata: Loading skillMultiplierShipBonusDreadnoughtMinmatar (Effect6498)
[2024-03-28 22:18:57.897260] ERROR: eos.gamedata: AttributeError generating handler: module 'eos.effects' has no attribute 'Effect6498'
[2024-03-28 22:18:57.897260] DEBUG: eos.gamedata: Loading skillCapitalShipsAdvancedAgility (Effect1616)
[2024-03-28 22:18:57.898257] DEBUG: eos.gamedata: Loading massProductionSkillLevelModAddManufactureSlotLimitChar (Effect568)
[2024-03-28 22:18:57.898257] ERROR: eos.gamedata: AttributeError generating handler: module 'eos.effects' has no attribute 'Effect568'
[2024-03-28 22:18:57.899254] DEBUG: eos.gamedata: Loading skillBonusDroneSharpshooting (Effect6664)
[2024-03-28 22:18:57.900252] DEBUG: eos.gamedata: Loading skillBonusDroneDurability (Effect6665)
[2024-03-28 22:18:57.903244] DEBUG: eos.gamedata: Loading inventionSkillBoostInventionBonus (Effect498)
[2024-03-28 22:18:57.904241] ERROR: eos.gamedata: AttributeError generating handler: module 'eos.effects' has no attribute 'Effect498'
[2024-03-28 22:18:57.904241] DEBUG: eos.gamedata: Loading reverseEngineeringInventionBonusModAddReverseEngineeringChanceLocationChar (Effect571)
[2024-03-28 22:18:57.904241] ERROR: eos.gamedata: AttributeError generating handler: module 'eos.effects' has no attribute 'Effect571'
[2024-03-28 22:18:57.904241] DEBUG: eos.gamedata: Loading cynosuralTheoryConsumptionBonus (Effect3526)
[2024-03-28 22:18:57.904241] DEBUG: eos.gamedata: Loading skillConsumptionQuantityBonusPercentageSkillLevel (Effect3527)
[2024-03-28 22:18:57.904241] ERROR: eos.gamedata: AttributeError generating handler: module 'eos.effects' has no attribute 'Effect3527'
[2024-03-28 22:18:57.905238] DEBUG: eos.gamedata: Loading skillJumpDriveConsumptionAmountBonusPercentage (Effect3532)
[2024-03-28 22:18:57.906236] DEBUG: eos.gamedata: Loading jumpDriveSkillsRangeBonus (Effect1581)
[2024-03-28 22:18:57.906236] DEBUG: eos.gamedata: Loading jumpDriveSkillsRangeBonusSkillLevel (Effect1582)
[2024-03-28 22:18:57.906236] ERROR: eos.gamedata: AttributeError generating handler: module 'eos.effects' has no attribute 'Effect1582'
[2024-03-28 22:18:57.906236] DEBUG: eos.gamedata: Loading oreIndustrialSkillLevelPostMulShipBonusOreIndustrial1Ship (Effect4665)
[2024-03-28 22:18:57.907233] ERROR: eos.gamedata: AttributeError generating handler: module 'eos.effects' has no attribute 'Effect4665'
[2024-03-28 22:18:57.907233] DEBUG: eos.gamedata: Loading oreIndustrialSkillLevelPostMulShipBonusOreIndustrial2Ship (Effect4666)
[2024-03-28 22:18:57.907233] ERROR: eos.gamedata: AttributeError generating handler: module 'eos.effects' has no attribute 'Effect4666'
[2024-03-28 22:18:57.908230] DEBUG: eos.gamedata: Loading damageCloudChanceReductionFixed (Effect5372)
[2024-03-28 22:18:57.908230] ERROR: eos.gamedata: AttributeError generating handler: module 'eos.effects' has no attribute 'Effect5372'
[2024-03-28 22:18:57.908230] DEBUG: eos.gamedata: Loading deepCoreMiningSkillBoostDamageCloudChanceReductionMul (Effect5373)
[2024-03-28 22:18:57.908230] ERROR: eos.gamedata: AttributeError generating handler: module 'eos.effects' has no attribute 'Effect5373'
[2024-03-28 22:18:57.909228] DEBUG: eos.gamedata: Loading capitalTurretSkillHybridDamage (Effect1587)
[2024-03-28 22:18:57.910225] DEBUG: eos.gamedata: Loading capitalTurretSkillProjectileDamage (Effect1586)
[2024-03-28 22:18:57.910225] DEBUG: eos.gamedata: Loading capitalLauncherSkillCitadelKineticDamage (Effect1588)
[2024-03-28 22:18:57.910225] DEBUG: eos.gamedata: Loading capitalLauncherSkillCitadelEmDamage (Effect1592)
[2024-03-28 22:18:57.910225] DEBUG: eos.gamedata: Loading capitalLauncherSkillCitadelExplosiveDamage (Effect1593)
[2024-03-28 22:18:57.910225] DEBUG: eos.gamedata: Loading capitalLauncherSkillCitadelThermalDamage (Effect1594)
[2024-03-28 22:18:57.913217] DEBUG: eos.gamedata: Loading skillADDmaxJumpClones (Effect2311)
[2024-03-28 22:18:57.913217] ERROR: eos.gamedata: AttributeError generating handler: module 'eos.effects' has no attribute 'Effect2311'
[2024-03-28 22:18:57.916209] DEBUG: eos.gamedata: Loading areaOfEffectSkillBonus (Effect6768)
[2024-03-28 22:18:57.916209] ERROR: eos.gamedata: AttributeError generating handler: module 'eos.effects' has no attribute 'Effect6768'
[2024-03-28 22:18:57.916209] DEBUG: eos.gamedata: Loading commandBurstAoEBonus (Effect6769)
[2024-03-28 22:18:57.920198] DEBUG: eos.gamedata: Loading warshipSkillMultiplier2 (Effect1077)
[2024-03-28 22:18:57.921196] ERROR: eos.gamedata: AttributeError generating handler: module 'eos.effects' has no attribute 'Effect1077'
[2024-03-28 22:18:57.921196] DEBUG: eos.gamedata: Loading warshipSkillMultiplier1 (Effect1079)
[2024-03-28 22:18:57.921196] ERROR: eos.gamedata: AttributeError generating handler: module 'eos.effects' has no attribute 'Effect1079'
[2024-03-28 22:18:57.921196] DEBUG: eos.gamedata: Loading skillNaniteOperationRepairCost (Effect3521)
[2024-03-28 22:18:57.921196] ERROR: eos.gamedata: AttributeError generating handler: module 'eos.effects' has no attribute 'Effect3521'
[2024-03-28 22:18:57.921196] DEBUG: eos.gamedata: Loading skillNaniteOperationRepairCostLevel (Effect3522)
[2024-03-28 22:18:57.921196] ERROR: eos.gamedata: AttributeError generating handler: module 'eos.effects' has no attribute 'Effect3522'
[2024-03-28 22:18:57.922193] DEBUG: eos.gamedata: Loading skillNaniteInterfacingRepairTimeLevel (Effect3524)
[2024-03-28 22:18:57.922193] ERROR: eos.gamedata: AttributeError generating handler: module 'eos.effects' has no attribute 'Effect3524'
[2024-03-28 22:18:57.922193] DEBUG: eos.gamedata: Loading skillNaniteInterfacingRepairTime2 (Effect3723)
[2024-03-28 22:18:57.922193] ERROR: eos.gamedata: AttributeError generating handler: module 'eos.effects' has no attribute 'Effect3723'
[2024-03-28 22:18:57.924188] DEBUG: eos.gamedata: Loading vortonProjectorSkillRangeBonus (Effect8065)
[2024-03-28 22:18:57.926182] DEBUG: eos.gamedata: Loading smallProjectileTurretDamageMultiplierBonusPostPercentDamageMultiplierLocationShipModulesRequiringSmallProjectileTurret (Effect174)
[2024-03-28 22:18:57.926182] DEBUG: eos.gamedata: Loading sensorIntegritySkillLevelPreMulSensorStrengthBonusSelf (Effect5172)
[2024-03-28 22:18:57.926182] ERROR: eos.gamedata: AttributeError generating handler: module 'eos.effects' has no attribute 'Effect5172'
[2024-03-28 22:18:57.926182] DEBUG: eos.gamedata: Loading sensorCompensationSensorStrengthBonusMagnetometric (Effect5182)
[2024-03-28 22:18:57.927180] DEBUG: eos.gamedata: Loading sensorCompensationSensorStrengthBonusGravimetric (Effect5180)
[2024-03-28 22:18:57.927180] DEBUG: eos.gamedata: Loading reconShipSkillMultiplier1 (Effect1908)
[2024-03-28 22:18:57.927180] ERROR: eos.gamedata: AttributeError generating handler: module 'eos.effects' has no attribute 'Effect1908'
[2024-03-28 22:18:57.927180] DEBUG: eos.gamedata: Loading reconShipSkillMultiplier2 (Effect1909)
[2024-03-28 22:18:57.928177] ERROR: eos.gamedata: AttributeError generating handler: module 'eos.effects' has no attribute 'Effect1909'
[2024-03-28 22:18:57.928177] DEBUG: eos.gamedata: Loading reconShipSkillMultiplier3 (Effect6022)
[2024-03-28 22:18:57.928177] ERROR: eos.gamedata: AttributeError generating handler: module 'eos.effects' has no attribute 'Effect6022'
[2024-03-28 22:18:57.928177] DEBUG: eos.gamedata: Loading sensorCompensationSensorStrengthBonusLadar (Effect5181)
[2024-03-28 22:18:57.929174] DEBUG: eos.gamedata: Loading sensorCompensationSensorStrengthBonusRadar (Effect5183)
[2024-03-28 22:18:57.929174] DEBUG: eos.gamedata: Loading smallEnergyTurretDamageMultiplierBonusPostPercentDamageMultiplierLocationShipModulesRequiringSmallEnergyTurret (Effect172)
[2024-03-28 22:18:57.930172] DEBUG: eos.gamedata: Loading mediumHybridTurretDamageMultiplierBonusPostPercentDamageMultiplierLocationShipModulesRequiringMediumHybridTurret (Effect160)
[2024-03-28 22:18:57.931169] DEBUG: eos.gamedata: Loading mediumProjectileTurretDamageMultiplierBonusPostPercentDamageMultiplierLocationShipModulesRequiringMediumProjectileTurret (Effect161)
[2024-03-28 22:18:57.931169] DEBUG: eos.gamedata: Loading mediumEnergyTurretDamageMultiplierBonusPostPercentDamageMultiplierLocationShipModulesRequiringMediumEnergyTurret (Effect159)
[2024-03-28 22:18:57.932166] DEBUG: eos.gamedata: Loading largeHybridTurretDamageMultiplierBonusPostPercentDamageMultiplierLocationShipModulesRequiringLargeHybridTurret (Effect157)
[2024-03-28 22:18:57.932166] DEBUG: eos.gamedata: Loading largeProjectileTurretDamageMultiplierBonusPostPercentDamageMultiplierLocationShipModulesRequiringLargeProjectileTurret (Effect408)
[2024-03-28 22:18:57.933164] DEBUG: eos.gamedata: Loading largeEnergyTurretDamageMultiplierBonusPostPercentDamageMultiplierLocationShipModulesRequiringLargeEnergyTurret (Effect162)
[2024-03-28 22:18:57.934161] DEBUG: eos.gamedata: Loading skillRemoteHullRepairSystemsCapNeedBonus (Effect2979)
[2024-03-28 22:18:57.935158] DEBUG: eos.gamedata: Loading skillMultiplierMissileVelocityBonus (Effect6843)
[2024-03-28 22:18:57.935158] ERROR: eos.gamedata: AttributeError generating handler: module 'eos.effects' has no attribute 'Effect6843'
[2024-03-28 22:18:57.935158] DEBUG: eos.gamedata: Loading skillMultiplierDefenderMissileVelocity (Effect6844)
[2024-03-28 22:18:57.936156] DEBUG: eos.gamedata: Loading skillCynosural&SiegeConsumQuantityBonusSkillLevel (Effect1651)
[2024-03-28 22:18:57.936156] ERROR: eos.gamedata: AttributeError generating handler: module 'eos.effects' has no attribute 'Effect1651'
[2024-03-28 22:18:57.936156] DEBUG: eos.gamedata: Loading skillTriageModuleConsumptionQuantityBonus (Effect2967)
[2024-03-28 22:18:57.937153] DEBUG: eos.gamedata: Loading eliteIndustrial1SkillLevelPreMulEliteBonusEliteIndustrialShip (Effect1282)
[2024-03-28 22:18:57.937153] ERROR: eos.gamedata: AttributeError generating handler: module 'eos.effects' has no attribute 'Effect1282'
[2024-03-28 22:18:57.938150] DEBUG: eos.gamedata: Loading eliteIndustrial2SkillLevelPreMulEliteBonusEliteIndustrialShip (Effect1283)
[2024-03-28 22:18:57.938150] ERROR: eos.gamedata: AttributeError generating handler: module 'eos.effects' has no attribute 'Effect1283'
[2024-03-28 22:18:57.938150] DEBUG: eos.gamedata: Loading eliteIndustrialExtenderSkillBonus (Effect3753)
[2024-03-28 22:18:57.938150] ERROR: eos.gamedata: AttributeError generating handler: module 'eos.effects' has no attribute 'Effect3753'
[2024-03-28 22:18:57.938150] DEBUG: eos.gamedata: Loading zColinSkillTransportCovertCloakMod (Effect3755)
[2024-03-28 22:18:57.938150] ERROR: eos.gamedata: AttributeError generating handler: module 'eos.effects' has no attribute 'Effect3755'
[2024-03-28 22:18:57.938150] DEBUG: eos.gamedata: Loading skillRemoteECMDurationBonusSkillLevel (Effect2974)
[2024-03-28 22:18:57.938150] ERROR: eos.gamedata: AttributeError generating handler: module 'eos.effects' has no attribute 'Effect2974'
[2024-03-28 22:18:57.939148] DEBUG: eos.gamedata: Loading skillRemoteECMDurationBonus (Effect2982)
[2024-03-28 22:18:57.939148] DEBUG: eos.gamedata: Loading minmatarFrigateSkillLevelPreMulShipBonusMFShip (Effect453)
[2024-03-28 22:18:57.939148] ERROR: eos.gamedata: AttributeError generating handler: module 'eos.effects' has no attribute 'Effect453'
[2024-03-28 22:18:57.939148] DEBUG: eos.gamedata: Loading minmatarFrigateSkillLevelPreMulShipBonusMF2Ship (Effect762)
[2024-03-28 22:18:57.939148] ERROR: eos.gamedata: AttributeError generating handler: module 'eos.effects' has no attribute 'Effect762'
[2024-03-28 22:18:57.939148] DEBUG: eos.gamedata: Loading minmatarFrigateSkillLevelPreMulShipBonus3MFShip (Effect4601)
[2024-03-28 22:18:57.939148] ERROR: eos.gamedata: AttributeError generating handler: module 'eos.effects' has no attribute 'Effect4601'
[2024-03-28 22:18:57.940145] DEBUG: eos.gamedata: Loading amarrFrigateSkillLevelPreMulShipBonusAFShip (Effect476)
[2024-03-28 22:18:57.940145] ERROR: eos.gamedata: AttributeError generating handler: module 'eos.effects' has no attribute 'Effect476'
[2024-03-28 22:18:57.940145] DEBUG: eos.gamedata: Loading amarrFrigateSkillLevelPreMulShipBonus2AFShip (Effect510)
[2024-03-28 22:18:57.940145] ERROR: eos.gamedata: AttributeError generating handler: module 'eos.effects' has no attribute 'Effect510'
[2024-03-28 22:18:57.940145] DEBUG: eos.gamedata: Loading amarrFrigateSkillLevelPreMulShipBonus3AFShip (Effect4598)
[2024-03-28 22:18:57.940145] ERROR: eos.gamedata: AttributeError generating handler: module 'eos.effects' has no attribute 'Effect4598'
[2024-03-28 22:18:57.941142] DEBUG: eos.gamedata: Loading gallenteCruiserSkillLevelPreMulShipBonusGCShip (Effect517)
[2024-03-28 22:18:57.941142] ERROR: eos.gamedata: AttributeError generating handler: module 'eos.effects' has no attribute 'Effect517'
[2024-03-28 22:18:57.941142] DEBUG: eos.gamedata: Loading gallenteCruiserSkillLevelPreMulShipBonusGC2Ship (Effect928)
[2024-03-28 22:18:57.941142] ERROR: eos.gamedata: AttributeError generating handler: module 'eos.effects' has no attribute 'Effect928'
[2024-03-28 22:18:57.941142] DEBUG: eos.gamedata: Loading gallenteCruiserSkillLevelPreMulShipBonusGC3Ship (Effect6044)
[2024-03-28 22:18:57.941142] ERROR: eos.gamedata: AttributeError generating handler: module 'eos.effects' has no attribute 'Effect6044'
[2024-03-28 22:18:57.942140] DEBUG: eos.gamedata: Loading minmatarCruiserSkillLevelPreMulShipBonusMCShip (Effect524)
[2024-03-28 22:18:57.942140] ERROR: eos.gamedata: AttributeError generating handler: module 'eos.effects' has no attribute 'Effect524'
[2024-03-28 22:18:57.942140] DEBUG: eos.gamedata: Loading minmatarCruiserSkillLevelPreMulShipBonusMC2Ship (Effect929)
[2024-03-28 22:18:57.942140] ERROR: eos.gamedata: AttributeError generating handler: module 'eos.effects' has no attribute 'Effect929'
[2024-03-28 22:18:57.942140] DEBUG: eos.gamedata: Loading caldariCruiserSkillLevelPreMulShipBonusCCShip (Effect520)
[2024-03-28 22:18:57.943137] ERROR: eos.gamedata: AttributeError generating handler: module 'eos.effects' has no attribute 'Effect520'
[2024-03-28 22:18:57.943137] DEBUG: eos.gamedata: Loading caldariCruiserSkillLevelPreMulShipBonusCC2Ship (Effect927)
[2024-03-28 22:18:57.943137] ERROR: eos.gamedata: AttributeError generating handler: module 'eos.effects' has no attribute 'Effect927'
[2024-03-28 22:18:57.943137] DEBUG: eos.gamedata: Loading caldariCruiserSkillLevelPreMulShipBonusCC3Ship (Effect4357)
[2024-03-28 22:18:57.943137] ERROR: eos.gamedata: AttributeError generating handler: module 'eos.effects' has no attribute 'Effect4357'
[2024-03-28 22:18:57.943137] DEBUG: eos.gamedata: Loading amarrCruiserSkillLevelPreMulShipBonusACShip (Effect500)
[2024-03-28 22:18:57.943137] ERROR: eos.gamedata: AttributeError generating handler: module 'eos.effects' has no attribute 'Effect500'
[2024-03-28 22:18:57.943137] DEBUG: eos.gamedata: Loading amarrCruiserSkillLevelPreMulShipBonusAC2Ship (Effect926)
[2024-03-28 22:18:57.944134] ERROR: eos.gamedata: AttributeError generating handler: module 'eos.effects' has no attribute 'Effect926'
[2024-03-28 22:18:57.944134] DEBUG: eos.gamedata: Loading amarrCruiserSkillLevelPreMulShipBonusAC3Ship (Effect6293)
[2024-03-28 22:18:57.944134] ERROR: eos.gamedata: AttributeError generating handler: module 'eos.effects' has no attribute 'Effect6293'
[2024-03-28 22:18:57.944134] DEBUG: eos.gamedata: Loading gallenteBattleshipSkillLevelPreMulShipBonusGBShip (Effect611)
[2024-03-28 22:18:57.944134] ERROR: eos.gamedata: AttributeError generating handler: module 'eos.effects' has no attribute 'Effect611'
[2024-03-28 22:18:57.944134] DEBUG: eos.gamedata: Loading gallenteBattleshipSkillLevelPreMulShipBonusGB2Ship (Effect682)
[2024-03-28 22:18:57.944134] ERROR: eos.gamedata: AttributeError generating handler: module 'eos.effects' has no attribute 'Effect682'
[2024-03-28 22:18:57.944134] DEBUG: eos.gamedata: Loading gallenteBattleshipSkillLevelPreMulShipBonusGB3Ship (Effect11418)
[2024-03-28 22:18:57.945132] ERROR: eos.gamedata: AttributeError generating handler: module 'eos.effects' has no attribute 'Effect11418'
[2024-03-28 22:18:57.945132] DEBUG: eos.gamedata: Loading caldariBattleshipSkillLevelPreMulShipBonusCBShip (Effect541)
[2024-03-28 22:18:57.946129] ERROR: eos.gamedata: AttributeError generating handler: module 'eos.effects' has no attribute 'Effect541'
[2024-03-28 22:18:57.946129] DEBUG: eos.gamedata: Loading caldariBattleshipSkillLevelPreMulShipBonus2CBShip (Effect556)
[2024-03-28 22:18:57.946129] ERROR: eos.gamedata: AttributeError generating handler: module 'eos.effects' has no attribute 'Effect556'
[2024-03-28 22:18:57.946129] DEBUG: eos.gamedata: Loading caldariBattleshipSkillLevelPreMulShipBonusCB3Ship (Effect797)
[2024-03-28 22:18:57.946129] ERROR: eos.gamedata: AttributeError generating handler: module 'eos.effects' has no attribute 'Effect797'
[2024-03-28 22:18:57.946129] DEBUG: eos.gamedata: Loading amarrBattleshipSkillLevelPostMulShipBonusABShip (Effect538)
[2024-03-28 22:18:57.946129] ERROR: eos.gamedata: AttributeError generating handler: module 'eos.effects' has no attribute 'Effect538'
[2024-03-28 22:18:57.946129] DEBUG: eos.gamedata: Loading amarrBattleshipSkillLevelPreMulShipBonusAB2Ship (Effect734)
[2024-03-28 22:18:57.947126] ERROR: eos.gamedata: AttributeError generating handler: module 'eos.effects' has no attribute 'Effect734'
[2024-03-28 22:18:57.947126] DEBUG: eos.gamedata: Loading gallenteIndustrialSkillLevelPreMulShipBonusGIShip (Effect532)
[2024-03-28 22:18:57.947126] ERROR: eos.gamedata: AttributeError generating handler: module 'eos.effects' has no attribute 'Effect532'
[2024-03-28 22:18:57.947126] DEBUG: eos.gamedata: Loading gallenteIndustrialSkillLevelPreMulShipBonusGI2Ship (Effect1292)
[2024-03-28 22:18:57.947126] ERROR: eos.gamedata: AttributeError generating handler: module 'eos.effects' has no attribute 'Effect1292'
[2024-03-28 22:18:57.947126] DEBUG: eos.gamedata: Loading gallenteIndustrialSkillLevelIceHoldCapacity (Effect8277)
[2024-03-28 22:18:57.947126] ERROR: eos.gamedata: AttributeError generating handler: module 'eos.effects' has no attribute 'Effect8277'
[2024-03-28 22:18:57.947126] DEBUG: eos.gamedata: Loading gallenteIndustrialSkillLevelMiningHoldCapacity (Effect8322)
[2024-03-28 22:18:57.948124] ERROR: eos.gamedata: AttributeError generating handler: module 'eos.effects' has no attribute 'Effect8322'
[2024-03-28 22:18:57.948124] DEBUG: eos.gamedata: Loading emArmorCompensationHardeningBonusGroupArmorCoating (Effect2105)
[2024-03-28 22:18:57.948124] DEBUG: eos.gamedata: Loading emArmorCompensationHardeningBonusGroupEnergized (Effect2109)
[2024-03-28 22:18:57.949121] DEBUG: eos.gamedata: Loading explosiveArmorCompensationHardeningBonusGroupArmorCoating (Effect2106)
[2024-03-28 22:18:57.949121] DEBUG: eos.gamedata: Loading explosiveArmorCompensationHardeningBonusGroupEnergized (Effect2110)
[2024-03-28 22:18:57.949121] DEBUG: eos.gamedata: Loading kineticArmorCompensationHardeningBonusGroupArmorCoating (Effect2107)
[2024-03-28 22:18:57.949121] DEBUG: eos.gamedata: Loading kineticArmorCompensationHardeningBonusGroupEnergized (Effect2111)
[2024-03-28 22:18:57.950118] DEBUG: eos.gamedata: Loading thermicArmorCompensationHardeningBonusGroupArmorCoating (Effect2108)
[2024-03-28 22:18:57.950118] DEBUG: eos.gamedata: Loading thermicArmorCompensationHardeningBonusGroupEnergized (Effect2112)
[2024-03-28 22:18:57.950118] DEBUG: eos.gamedata: Loading skillMultiplierShipBonusTitanMinmatar (Effect6633)
[2024-03-28 22:18:57.951116] ERROR: eos.gamedata: AttributeError generating handler: module 'eos.effects' has no attribute 'Effect6633'
[2024-03-28 22:18:57.951116] DEBUG: eos.gamedata: Loading skillMultiplierShipBonusTitanCaldari (Effect6631)
[2024-03-28 22:18:57.951116] ERROR: eos.gamedata: AttributeError generating handler: module 'eos.effects' has no attribute 'Effect6631'
[2024-03-28 22:18:57.952113] DEBUG: eos.gamedata: Loading skillMultiplierShipBonusTitanAmarr (Effect6630)
[2024-03-28 22:18:57.952113] ERROR: eos.gamedata: AttributeError generating handler: module 'eos.effects' has no attribute 'Effect6630'
[2024-03-28 22:18:57.953110] DEBUG: eos.gamedata: Loading skirmishCommandDurationBonus (Effect6773)
[2024-03-28 22:18:57.953110] DEBUG: eos.gamedata: Loading shieldCommandDurationBonus (Effect6771)
[2024-03-28 22:18:57.954108] DEBUG: eos.gamedata: Loading shieldCommandStrengthBonus (Effect6777)
[2024-03-28 22:18:57.954108] DEBUG: eos.gamedata: Loading skillMJDdurationBonus (Effect4923)
[2024-03-28 22:18:57.955105] DEBUG: eos.gamedata: Loading reloadTimeSkillBonus (Effect6781)
[2024-03-28 22:18:57.955105] ERROR: eos.gamedata: AttributeError generating handler: module 'eos.effects' has no attribute 'Effect6781'
[2024-03-28 22:18:57.955105] DEBUG: eos.gamedata: Loading commandBurstReloadTimeBonus (Effect6782)
[2024-03-28 22:18:57.955105] DEBUG: eos.gamedata: Loading fasttalkSkillBoostFastTalkMutator (Effect350)
[2024-03-28 22:18:57.956102] ERROR: eos.gamedata: AttributeError generating handler: module 'eos.effects' has no attribute 'Effect350'
[2024-03-28 22:18:57.956102] DEBUG: eos.gamedata: Loading fasttalkFastTalkMutatorPostPercentFastTalkPercentageChar (Effect352)
[2024-03-28 22:18:57.956102] ERROR: eos.gamedata: AttributeError generating handler: module 'eos.effects' has no attribute 'Effect352'
[2024-03-28 22:18:57.956102] DEBUG: eos.gamedata: Loading corporationMemberLimitBonus (Effect82)
[2024-03-28 22:18:57.956102] ERROR: eos.gamedata: AttributeError generating handler: module 'eos.effects' has no attribute 'Effect82'
[2024-03-28 22:18:57.956102] DEBUG: eos.gamedata: Loading corporationManagementSkillBoostCorporationMemberBonus (Effect239)
[2024-03-28 22:18:57.956102] ERROR: eos.gamedata: AttributeError generating handler: module 'eos.effects' has no attribute 'Effect239'
[2024-03-28 22:18:57.957100] DEBUG: eos.gamedata: Loading skillWarAllyCostModifier (Effect4984)
[2024-03-28 22:18:57.957100] ERROR: eos.gamedata: AttributeError generating handler: module 'eos.effects' has no attribute 'Effect4984'
[2024-03-28 22:18:57.957100] DEBUG: eos.gamedata: Loading relationsAllyCostSkillBoost (Effect4985)
[2024-03-28 22:18:57.957100] ERROR: eos.gamedata: AttributeError generating handler: module 'eos.effects' has no attribute 'Effect4985'
[2024-03-28 22:18:57.957100] DEBUG: eos.gamedata: Loading baseDefenderAllyCostCharAssignment (Effect5052)
[2024-03-28 22:18:57.957100] ERROR: eos.gamedata: AttributeError generating handler: module 'eos.effects' has no attribute 'Effect5052'
[2024-03-28 22:18:57.958097] DEBUG: eos.gamedata: Loading capitalShieldOperationSkillCapacitorNeedBonus (Effect1634)
[2024-03-28 22:18:57.958097] DEBUG: eos.gamedata: Loading electronicWarfareSkillBoostDurationBonus (Effect216)
[2024-03-28 22:18:57.958097] ERROR: eos.gamedata: AttributeError generating handler: module 'eos.effects' has no attribute 'Effect216'
[2024-03-28 22:18:57.958097] DEBUG: eos.gamedata: Loading capitalRepairSystemsSkillDurationBonus (Effect1635)
[2024-03-28 22:18:57.959094] DEBUG: eos.gamedata: Loading posStructureControlAmountBonus (Effect2918)
[2024-03-28 22:18:57.959094] ERROR: eos.gamedata: AttributeError generating handler: module 'eos.effects' has no attribute 'Effect2918'
[2024-03-28 22:18:57.960092] DEBUG: eos.gamedata: Loading ewSkillRsdMaxRangeBonus (Effect1445)
[2024-03-28 22:18:57.960092] DEBUG: eos.gamedata: Loading ewSkillTpMaxRangeBonus (Effect1446)
[2024-03-28 22:18:57.960092] DEBUG: eos.gamedata: Loading ewSkillTdMaxRangeBonus (Effect1448)
[2024-03-28 22:18:57.960092] DEBUG: eos.gamedata: Loading ewSkillEwMaxRangeBonus (Effect1452)
[2024-03-28 22:18:57.960092] DEBUG: eos.gamedata: Loading ewSkillEcmBurstRangeBonus (Effect2491)
[2024-03-28 22:18:57.960092] DEBUG: eos.gamedata: Loading ewSkillRsdFallOffBonus (Effect1449)
[2024-03-28 22:18:57.961089] DEBUG: eos.gamedata: Loading ewSkillTpFallOffBonus (Effect1450)
[2024-03-28 22:18:57.961089] DEBUG: eos.gamedata: Loading ewSkillTdFallOffBonus (Effect1451)
[2024-03-28 22:18:57.961089] DEBUG: eos.gamedata: Loading ewSkillEwFallOffBonus (Effect1453)
[2024-03-28 22:18:57.961089] DEBUG: eos.gamedata: Loading armoredCommandStrengthBonus (Effect6776)
[2024-03-28 22:18:57.962086] DEBUG: eos.gamedata: Loading ewSkillScanStrengthBonus (Effect1318)
[2024-03-28 22:18:57.962086] DEBUG: eos.gamedata: Loading ewSkillScanStrengthBonusSkillLevel (Effect1321)
[2024-03-28 22:18:57.962086] ERROR: eos.gamedata: AttributeError generating handler: module 'eos.effects' has no attribute 'Effect1321'
[2024-03-28 22:18:57.962086] DEBUG: eos.gamedata: Loading skirmishCommandStrengthBonus (Effect6779)
[2024-03-28 22:18:57.963084] DEBUG: eos.gamedata: Loading armorUpgradesSkillBoostMassPenaltyReduction (Effect5200)
[2024-03-28 22:18:57.963084] ERROR: eos.gamedata: AttributeError generating handler: module 'eos.effects' has no attribute 'Effect5200'
[2024-03-28 22:18:57.963084] DEBUG: eos.gamedata: Loading armorUpgradesMassPenaltyReductionBonus (Effect5201)
[2024-03-28 22:18:57.964081] DEBUG: eos.gamedata: Loading ewSkillSignalSuppressionScanResolutionBonus (Effect3586)
[2024-03-28 22:18:57.964081] DEBUG: eos.gamedata: Loading ewSkillSignalSuppressionMaxTargetRangeBonus (Effect3591)
[2024-03-28 22:18:57.964081] DEBUG: eos.gamedata: Loading ewSkillTrackingDisruptionTrackingSpeedBonus (Effect3561)
[2024-03-28 22:18:57.964081] DEBUG: eos.gamedata: Loading ewSkillTrackingDisruptionRangeDisruptionBonus (Effect5793)
[2024-03-28 22:18:57.964081] DEBUG: eos.gamedata: Loading ewSkillGuidanceDisruptionBonus (Effect6386)
[2024-03-28 22:18:57.965079] DEBUG: eos.gamedata: Loading refineryEfficiencySkillBoostRefiningYieldMutator (Effect331)
[2024-03-28 22:18:57.965079] ERROR: eos.gamedata: AttributeError generating handler: module 'eos.effects' has no attribute 'Effect331'
[2024-03-28 22:18:57.965079] DEBUG: eos.gamedata: Loading refineryEfficiencyRefiningYieldMutatorPostPercentRefiningYieldPercentageChar (Effect435)
[2024-03-28 22:18:57.966076] ERROR: eos.gamedata: AttributeError generating handler: module 'eos.effects' has no attribute 'Effect435'
[2024-03-28 22:18:57.966076] DEBUG: eos.gamedata: Loading skillTargetBreakerDurationBonus2 (Effect4945)
[2024-03-28 22:18:57.967073] DEBUG: eos.gamedata: Loading advancedIndustryManufacturingTimeBonusPostPercent (Effect5903)
[2024-03-28 22:18:57.967073] ERROR: eos.gamedata: AttributeError generating handler: module 'eos.effects' has no attribute 'Effect5903'
[2024-03-28 22:18:57.967073] DEBUG: eos.gamedata: Loading advancedIndustryCopyTimeBonusPostPercent (Effect5906)
[2024-03-28 22:18:57.967073] ERROR: eos.gamedata: AttributeError generating handler: module 'eos.effects' has no attribute 'Effect5906'
[2024-03-28 22:18:57.967073] DEBUG: eos.gamedata: Loading advancedIndustryInventionTimeBonusPostPercent (Effect5907)
[2024-03-28 22:18:57.967073] ERROR: eos.gamedata: AttributeError generating handler: module 'eos.effects' has no attribute 'Effect5907'
[2024-03-28 22:18:57.967073] DEBUG: eos.gamedata: Loading advancedIndustrySkillBoostAdvancedIndustrySkillIndustryJobTimeBonus (Effect5908)
[2024-03-28 22:18:57.968070] ERROR: eos.gamedata: AttributeError generating handler: module 'eos.effects' has no attribute 'Effect5908'
[2024-03-28 22:18:57.968070] DEBUG: eos.gamedata: Loading advancedIndustryManufactureTimeResearchTimeBonusPostPercent (Effect5909)
[2024-03-28 22:18:57.968070] ERROR: eos.gamedata: AttributeError generating handler: module 'eos.effects' has no attribute 'Effect5909'
[2024-03-28 22:18:57.968070] DEBUG: eos.gamedata: Loading advancedIndustryMaterialResearchTimeBonusPostPercent (Effect5910)
[2024-03-28 22:18:57.968070] ERROR: eos.gamedata: AttributeError generating handler: module 'eos.effects' has no attribute 'Effect5910'
[2024-03-28 22:18:57.969068] DEBUG: eos.gamedata: Loading cloakingTargetingDelayBonusPostPercentCloakingTargetingDelayBonusForShipModulesRequiringCloaking (Effect848)
[2024-03-28 22:18:57.969068] DEBUG: eos.gamedata: Loading cloakingSkillBoostCloakingTargetingDelayBonus (Effect850)
[2024-03-28 22:18:57.969068] ERROR: eos.gamedata: AttributeError generating handler: module 'eos.effects' has no attribute 'Effect850'
[2024-03-28 22:18:57.969068] DEBUG: eos.gamedata: Loading repairSystemsDurationBonusPostPercentDurationLocationShipModulesRequiringRepairSystems (Effect272)
[2024-03-28 22:18:57.970065] DEBUG: eos.gamedata: Loading destroyerSkillLevelPreMulShipBonusAD1Ship (Effect5276)
[2024-03-28 22:18:57.970065] ERROR: eos.gamedata: AttributeError generating handler: module 'eos.effects' has no attribute 'Effect5276'
[2024-03-28 22:18:57.970065] DEBUG: eos.gamedata: Loading destroyerSkillLevelPreMulShipBonusAD2Ship (Effect5277)
[2024-03-28 22:18:57.970065] ERROR: eos.gamedata: AttributeError generating handler: module 'eos.effects' has no attribute 'Effect5277'
[2024-03-28 22:18:57.970065] DEBUG: eos.gamedata: Loading destroyerSkillLevelPreMulShipBonusAmarrNavyDestroyer (Effect11449)
[2024-03-28 22:18:57.970065] ERROR: eos.gamedata: AttributeError generating handler: module 'eos.effects' has no attribute 'Effect11449'
[2024-03-28 22:18:57.971062] DEBUG: eos.gamedata: Loading destroyerSkillLevelPreMulShipBonusMD1Ship (Effect5282)
[2024-03-28 22:18:57.971062] ERROR: eos.gamedata: AttributeError generating handler: module 'eos.effects' has no attribute 'Effect5282'
[2024-03-28 22:18:57.971062] DEBUG: eos.gamedata: Loading destroyerSkillLevelPreMulShipBonusMD2Ship (Effect5283)
[2024-03-28 22:18:57.971062] ERROR: eos.gamedata: AttributeError generating handler: module 'eos.effects' has no attribute 'Effect5283'
[2024-03-28 22:18:57.971062] DEBUG: eos.gamedata: Loading destroyerSkillLevelPreMulShipBonusMinmatarDestroyerNavy (Effect11448)
[2024-03-28 22:18:57.971062] ERROR: eos.gamedata: AttributeError generating handler: module 'eos.effects' has no attribute 'Effect11448'
[2024-03-28 22:18:57.972060] DEBUG: eos.gamedata: Loading battlecruiserSkillLevelPreMulShipBonusABC1Ship (Effect5284)
[2024-03-28 22:18:57.972060] ERROR: eos.gamedata: AttributeError generating handler: module 'eos.effects' has no attribute 'Effect5284'
[2024-03-28 22:18:57.972060] DEBUG: eos.gamedata: Loading battlecruiserSkillLevelPreMulShipBonusABC2Ship (Effect5285)
[2024-03-28 22:18:57.972060] ERROR: eos.gamedata: AttributeError generating handler: module 'eos.effects' has no attribute 'Effect5285'
[2024-03-28 22:18:57.972060] DEBUG: eos.gamedata: Loading battlecruiserSkillLevelPreMulShipBonusABC3Ship (Effect11360)
[2024-03-28 22:18:57.972060] ERROR: eos.gamedata: AttributeError generating handler: module 'eos.effects' has no attribute 'Effect11360'
[2024-03-28 22:18:57.973057] DEBUG: eos.gamedata: Loading battlecruiserSkillLevelPreMulShipBonusCBC1Ship (Effect5286)
[2024-03-28 22:18:57.973057] ERROR: eos.gamedata: AttributeError generating handler: module 'eos.effects' has no attribute 'Effect5286'
[2024-03-28 22:18:57.973057] DEBUG: eos.gamedata: Loading battlecruiserSkillLevelPreMulShipBonusCBC2Ship (Effect5287)
[2024-03-28 22:18:57.973057] ERROR: eos.gamedata: AttributeError generating handler: module 'eos.effects' has no attribute 'Effect5287'
[2024-03-28 22:18:57.973057] DEBUG: eos.gamedata: Loading battlecruiserSkillLevelPreMulShipBonusCBC3Ship (Effect11058)
[2024-03-28 22:18:57.973057] ERROR: eos.gamedata: AttributeError generating handler: module 'eos.effects' has no attribute 'Effect11058'
[2024-03-28 22:18:57.973057] DEBUG: eos.gamedata: Loading battlecruiserSkillLevelPreMulShipBonusGBC1Ship (Effect5288)
[2024-03-28 22:18:57.974054] ERROR: eos.gamedata: AttributeError generating handler: module 'eos.effects' has no attribute 'Effect5288'
[2024-03-28 22:18:57.974054] DEBUG: eos.gamedata: Loading battlecruiserSkillLevelPreMulShipBonusGBC2Ship (Effect5289)
[2024-03-28 22:18:57.974054] ERROR: eos.gamedata: AttributeError generating handler: module 'eos.effects' has no attribute 'Effect5289'
[2024-03-28 22:18:57.974054] DEBUG: eos.gamedata: Loading battlecruiserSkillLevelPreMulShipBonusCBC3Ship (Effect11062)
[2024-03-28 22:18:57.974054] ERROR: eos.gamedata: AttributeError generating handler: module 'eos.effects' has no attribute 'Effect11062'
[2024-03-28 22:18:57.974054] DEBUG: eos.gamedata: Loading battlecruiserSkillLevelPreMulShipBonusMBC1Ship (Effect5290)
[2024-03-28 22:18:57.974054] ERROR: eos.gamedata: AttributeError generating handler: module 'eos.effects' has no attribute 'Effect5290'
[2024-03-28 22:18:57.975052] DEBUG: eos.gamedata: Loading battlecruiserSkillLevelPreMulShipBonusMBC2Ship (Effect5291)
[2024-03-28 22:18:57.975052] ERROR: eos.gamedata: AttributeError generating handler: module 'eos.effects' has no attribute 'Effect5291'
[2024-03-28 22:18:57.975052] DEBUG: eos.gamedata: Loading battlecruiserSkillLevelPreMulShipBonusMBC3Ship (Effect11362)
[2024-03-28 22:18:57.975052] ERROR: eos.gamedata: AttributeError generating handler: module 'eos.effects' has no attribute 'Effect11362'
[2024-03-28 22:18:57.975052] DEBUG: eos.gamedata: Loading frigateConstructionSkillBoostFrigateConstructionTimeBonus (Effect340)
[2024-03-28 22:18:57.975052] ERROR: eos.gamedata: AttributeError generating handler: module 'eos.effects' has no attribute 'Effect340'
[2024-03-28 22:18:57.975052] DEBUG: eos.gamedata: Loading frigateConstructionFrigateConstructionTimeBonusPostPercentFrigateConstructionTimeChar (Effect341)
[2024-03-28 22:18:57.975052] ERROR: eos.gamedata: AttributeError generating handler: module 'eos.effects' has no attribute 'Effect341'
[2024-03-28 22:18:57.976049] DEBUG: eos.gamedata: Loading industrialConstructionSkillBoostIndustrialConstructionTimeBonus (Effect342)
[2024-03-28 22:18:57.976049] ERROR: eos.gamedata: AttributeError generating handler: module 'eos.effects' has no attribute 'Effect342'
[2024-03-28 22:18:57.976049] DEBUG: eos.gamedata: Loading industrialConstructionIndustrialConstructionTimeBonusPostPercentIndustrialConstructionTimeChar (Effect343)
[2024-03-28 22:18:57.976049] ERROR: eos.gamedata: AttributeError generating handler: module 'eos.effects' has no attribute 'Effect343'
[2024-03-28 22:18:57.977046] DEBUG: eos.gamedata: Loading skillCapitalRemoteHullRepairSystemsCapNeedBonus (Effect2980)
[2024-03-28 22:18:57.977046] DEBUG: eos.gamedata: Loading battleshipConstructionSkillBoostBattleshipConstructionTimeBonus (Effect336)
[2024-03-28 22:18:57.977046] ERROR: eos.gamedata: AttributeError generating handler: module 'eos.effects' has no attribute 'Effect336'
[2024-03-28 22:18:57.977046] DEBUG: eos.gamedata: Loading battleshipConstructionBattleshipConstructionTimeBonusPostPercentBattleshipConstructionTimeChar (Effect337)
[2024-03-28 22:18:57.978044] ERROR: eos.gamedata: AttributeError generating handler: module 'eos.effects' has no attribute 'Effect337'
[2024-03-28 22:18:57.978044] DEBUG: eos.gamedata: Loading researchSkillBoostBlueprintmanufactureTimeBonus (Effect432)
[2024-03-28 22:18:57.978044] ERROR: eos.gamedata: AttributeError generating handler: module 'eos.effects' has no attribute 'Effect432'
[2024-03-28 22:18:57.979041] DEBUG: eos.gamedata: Loading researchBlueprintmanufactureTimeBonusPostPercentProductionTimeResearchSpeedChar (Effect433)
[2024-03-28 22:18:57.979041] ERROR: eos.gamedata: AttributeError generating handler: module 'eos.effects' has no attribute 'Effect433'
[2024-03-28 22:18:57.980038] DEBUG: eos.gamedata: Loading flagCruiserSkillMultiplier1 (Effect7041)
[2024-03-28 22:18:57.980038] ERROR: eos.gamedata: AttributeError generating handler: module 'eos.effects' has no attribute 'Effect7041'
[2024-03-28 22:18:57.981036] DEBUG: eos.gamedata: Loading metallurgySkillBoostMineralNeedResearchBonus (Effect481)
[2024-03-28 22:18:57.981036] ERROR: eos.gamedata: AttributeError generating handler: module 'eos.effects' has no attribute 'Effect481'
[2024-03-28 22:18:57.981036] DEBUG: eos.gamedata: Loading metallurgyMineralNeedResearchBonusPostPercentMineralNeedResearchSpeedChar (Effect558)
[2024-03-28 22:18:57.981036] ERROR: eos.gamedata: AttributeError generating handler: module 'eos.effects' has no attribute 'Effect558'
[2024-03-28 22:18:57.981036] DEBUG: eos.gamedata: Loading energyPulseWeaponsDurationBonusPostPercentDurationLocationShipModulesRequiringEnergyPulseWeapons (Effect590)
[2024-03-28 22:18:57.982033] DEBUG: eos.gamedata: Loading shieldEmmisionSystemsCapNeedBonusPostPercentCapacitorNeedLocationShipModulesRequiringShieldEmmisionSystems (Effect279)
[2024-03-28 22:18:57.983030] DEBUG: eos.gamedata: Loading capacitorEmissionSystemskill (Effect5607)
[2024-03-28 22:18:57.983030] DEBUG: eos.gamedata: Loading jumpFreightersSkillMultiplier1 (Effect3595)
[2024-03-28 22:18:57.983030] ERROR: eos.gamedata: AttributeError generating handler: module 'eos.effects' has no attribute 'Effect3595'
[2024-03-28 22:18:57.983030] DEBUG: eos.gamedata: Loading jumpFreightersSkillMultiplier2 (Effect3596)
[2024-03-28 22:18:57.983030] ERROR: eos.gamedata: AttributeError generating handler: module 'eos.effects' has no attribute 'Effect3596'
[2024-03-28 22:18:57.985025] DEBUG: eos.gamedata: Loading ewSkillRsdCapNeedBonusSkillLevel (Effect1360)
[2024-03-28 22:18:57.985025] DEBUG: eos.gamedata: Loading ewSkillTdCapNeedBonusSkillLevel (Effect1361)
[2024-03-28 22:18:57.986022] DEBUG: eos.gamedata: Loading miningDroneOperationMiningAmountBonusPostPercentMiningDroneAmountPercentChar (Effect623)
[2024-03-28 22:18:57.986022] DEBUG: eos.gamedata: Loading damageRepairedSkillBonus (Effect2018)
[2024-03-28 22:18:57.986022] ERROR: eos.gamedata: AttributeError generating handler: module 'eos.effects' has no attribute 'Effect2018'
[2024-03-28 22:18:57.987020] DEBUG: eos.gamedata: Loading repairDroneShieldBonusBonus (Effect2019)
[2024-03-28 22:18:57.987020] DEBUG: eos.gamedata: Loading repairDroneArmorDamageAmountBonus (Effect2020)
[2024-03-28 22:18:57.987020] DEBUG: eos.gamedata: Loading repairDroneHullBonusBonus (Effect5769)
[2024-03-28 22:18:57.987020] DEBUG: eos.gamedata: Loading droneSalvageBonus (Effect5168)
[2024-03-28 22:18:57.987020] DEBUG: eos.gamedata: Loading droneSalvageSkillBonus (Effect5170)
[2024-03-28 22:18:57.987020] ERROR: eos.gamedata: AttributeError generating handler: module 'eos.effects' has no attribute 'Effect5170'
[2024-03-28 22:18:57.988017] DEBUG: eos.gamedata: Loading skillBonusDroneInterfacing (Effect6663)
[2024-03-28 22:18:57.990012] DEBUG: eos.gamedata: Loading jumpDriveSkillsCapacitorNeedBonus (Effect1722)
[2024-03-28 22:18:57.990012] DEBUG: eos.gamedata: Loading jumpDriveSkillsCapacitorNeedBonusSkillLevel (Effect1723)
[2024-03-28 22:18:57.990012] ERROR: eos.gamedata: AttributeError generating handler: module 'eos.effects' has no attribute 'Effect1723'
[2024-03-28 22:18:57.991009] DEBUG: eos.gamedata: Loading logiFrigSkillMultiplier1 (Effect6375)
[2024-03-28 22:18:57.991009] ERROR: eos.gamedata: AttributeError generating handler: module 'eos.effects' has no attribute 'Effect6375'
[2024-03-28 22:18:57.991009] DEBUG: eos.gamedata: Loading logiFrigSkillMultiplier2 (Effect6376)
[2024-03-28 22:18:57.991009] ERROR: eos.gamedata: AttributeError generating handler: module 'eos.effects' has no attribute 'Effect6376'
[2024-03-28 22:18:57.991009] DEBUG: eos.gamedata: Loading upwellFrigateSkillLevelPreMulShipBonusUF1UF2 (Effect8049)
[2024-03-28 22:18:57.991009] ERROR: eos.gamedata: AttributeError generating handler: module 'eos.effects' has no attribute 'Effect8049'
[2024-03-28 22:18:57.992007] DEBUG: eos.gamedata: Loading commandShipSkillMultiplier1 (Effect2451)
[2024-03-28 22:18:57.992007] ERROR: eos.gamedata: AttributeError generating handler: module 'eos.effects' has no attribute 'Effect2451'
[2024-03-28 22:18:57.992007] DEBUG: eos.gamedata: Loading commandShipSkillMultiplier2 (Effect2452)
[2024-03-28 22:18:57.992007] ERROR: eos.gamedata: AttributeError generating handler: module 'eos.effects' has no attribute 'Effect2452'
[2024-03-28 22:18:57.992007] DEBUG: eos.gamedata: Loading commandShipSkillMultiplier3 (Effect5571)
[2024-03-28 22:18:57.992007] ERROR: eos.gamedata: AttributeError generating handler: module 'eos.effects' has no attribute 'Effect5571'
[2024-03-28 22:18:57.993004] DEBUG: eos.gamedata: Loading upwellCruiserSkillLevelPreMulShipBonusUC1UC2 (Effect8050)
[2024-03-28 22:18:57.993004] ERROR: eos.gamedata: AttributeError generating handler: module 'eos.effects' has no attribute 'Effect8050'
[2024-03-28 22:18:57.993004] DEBUG: eos.gamedata: Loading upwellSkillSpeedBonus (Effect8042)
[2024-03-28 22:18:57.994001] DEBUG: eos.gamedata: Loading minmatarBattleshipSkillLevelPreMulShipBonusMBShip (Effect548)
[2024-03-28 22:18:57.994001] ERROR: eos.gamedata: AttributeError generating handler: module 'eos.effects' has no attribute 'Effect548'
[2024-03-28 22:18:57.994001] DEBUG: eos.gamedata: Loading minmatarBattleshipSkillLevelPreMulShipBonusMB2Ship (Effect605)
[2024-03-28 22:18:57.994001] ERROR: eos.gamedata: AttributeError generating handler: module 'eos.effects' has no attribute 'Effect605'
[2024-03-28 22:18:57.994998] DEBUG: eos.gamedata: Loading smallUpwellWeaponDmgBonusRequiredSkill (Effect8034)
[2024-03-28 22:18:57.994998] DEBUG: eos.gamedata: Loading skillBombDeploymentModuleReactivationDelayBonus (Effect3036)
[2024-03-28 22:18:57.994998] DEBUG: eos.gamedata: Loading bombDeploymentSkillReactivationDelayBonus (Effect8469)
[2024-03-28 22:18:57.994998] ERROR: eos.gamedata: AttributeError generating handler: module 'eos.effects' has no attribute 'Effect8469'
[2024-03-28 22:18:57.995996] DEBUG: eos.gamedata: Loading minmatarIndustrialSkillLevelPreMulShipBonusMIShip (Effect526)
[2024-03-28 22:18:57.995996] ERROR: eos.gamedata: AttributeError generating handler: module 'eos.effects' has no attribute 'Effect526'
[2024-03-28 22:18:57.995996] DEBUG: eos.gamedata: Loading minmatarIndustrialSkillLevelPreMulShipBonusMI2Ship (Effect1293)
[2024-03-28 22:18:57.995996] ERROR: eos.gamedata: AttributeError generating handler: module 'eos.effects' has no attribute 'Effect1293'
[2024-03-28 22:18:57.995996] DEBUG: eos.gamedata: Loading minmatarIndustrialSkillLevelGasHoldCapacity (Effect8276)
[2024-03-28 22:18:57.995996] ERROR: eos.gamedata: AttributeError generating handler: module 'eos.effects' has no attribute 'Effect8276'
[2024-03-28 22:18:57.996993] DEBUG: eos.gamedata: Loading amarrIndustrialSkillLevelPreMulShipBonusAI2Ship (Effect583)
[2024-03-28 22:18:57.996993] ERROR: eos.gamedata: AttributeError generating handler: module 'eos.effects' has no attribute 'Effect583'
[2024-03-28 22:18:57.996993] DEBUG: eos.gamedata: Loading amarrIndustrialSkillLevelPreMulShipBonusAI22Ship (Effect1290)
[2024-03-28 22:18:57.996993] ERROR: eos.gamedata: AttributeError generating handler: module 'eos.effects' has no attribute 'Effect1290'
[2024-03-28 22:18:57.996993] DEBUG: eos.gamedata: Loading skillMultiplierShipBonusTitanGallente (Effect6632)
[2024-03-28 22:18:57.997991] ERROR: eos.gamedata: AttributeError generating handler: module 'eos.effects' has no attribute 'Effect6632'
[2024-03-28 22:18:57.997991] DEBUG: eos.gamedata: Loading skillBonusCapitalAutocannonSpecialization (Effect6571)
[2024-03-28 22:18:57.998988] DEBUG: eos.gamedata: Loading skillBonusCapitalArtillerySpecialization (Effect6572)
[2024-03-28 22:18:57.998988] DEBUG: eos.gamedata: Loading skillBonusCapitalBlasterSpecialization (Effect6573)
[2024-03-28 22:18:57.999985] DEBUG: eos.gamedata: Loading skillBonusCapitalRailgunSpecialization (Effect6574)
[2024-03-28 22:18:58.000982] DEBUG: eos.gamedata: Loading skillBonusCapitalPulseLaserSpecialization (Effect6575)
[2024-03-28 22:18:58.000982] DEBUG: eos.gamedata: Loading skillBonusCapitalBeamLaserSpecialization (Effect6576)
[2024-03-28 22:18:58.001980] DEBUG: eos.gamedata: Loading skillBonusXLTorpedoSpecialization (Effect6578)
[2024-03-28 22:18:58.001980] DEBUG: eos.gamedata: Loading skillBonusXLCruiseMissileSpecialization (Effect6577)
[2024-03-28 22:18:58.002977] DEBUG: eos.gamedata: Loading ewSkillTpCapNeedBonusSkillLevel (Effect1370)
[2024-03-28 22:18:58.003974] DEBUG: eos.gamedata: Loading ewSkillTargetPaintingStrengthBonusSkillLevel (Effect1373)
[2024-03-28 22:18:58.003974] ERROR: eos.gamedata: AttributeError generating handler: module 'eos.effects' has no attribute 'Effect1373'
[2024-03-28 22:18:58.003974] DEBUG: eos.gamedata: Loading ewSkillTargetPaintingStrengthBonus (Effect1550)
[2024-03-28 22:18:58.003974] DEBUG: eos.gamedata: Loading informationCommandStrengthBonus (Effect6778)
[2024-03-28 22:18:58.004972] DEBUG: eos.gamedata: Loading thermodynamicsSkillLevel (Effect3195)
[2024-03-28 22:18:58.004972] ERROR: eos.gamedata: AttributeError generating handler: module 'eos.effects' has no attribute 'Effect3195'
[2024-03-28 22:18:58.004972] DEBUG: eos.gamedata: Loading thermodynamicsSkillDamageBonus (Effect3196)
[2024-03-28 22:18:58.004972] DEBUG: eos.gamedata: Loading upwellBattleshipSkillLevelPreMulShipBonusUB1UB2 (Effect8051)
[2024-03-28 22:18:58.004972] ERROR: eos.gamedata: AttributeError generating handler: module 'eos.effects' has no attribute 'Effect8051'
[2024-03-28 22:18:58.005969] DEBUG: eos.gamedata: Loading miningBargeSkillLevelOreMiningYield (Effect8232)
[2024-03-28 22:18:58.005969] ERROR: eos.gamedata: AttributeError generating handler: module 'eos.effects' has no attribute 'Effect8232'
[2024-03-28 22:18:58.005969] DEBUG: eos.gamedata: Loading miningBargeSkillLevelIceHarvestingDuration (Effect8233)
[2024-03-28 22:18:58.005969] ERROR: eos.gamedata: AttributeError generating handler: module 'eos.effects' has no attribute 'Effect8233'
[2024-03-28 22:18:58.005969] DEBUG: eos.gamedata: Loading miningBargeSkillLevelGasHarvestingDuration (Effect8234)
[2024-03-28 22:18:58.005969] ERROR: eos.gamedata: AttributeError generating handler: module 'eos.effects' has no attribute 'Effect8234'
[2024-03-28 22:18:58.005969] DEBUG: eos.gamedata: Loading miningBargeSkillLevelOreMiningRange (Effect8235)
[2024-03-28 22:18:58.006966] ERROR: eos.gamedata: AttributeError generating handler: module 'eos.effects' has no attribute 'Effect8235'
[2024-03-28 22:18:58.006966] DEBUG: eos.gamedata: Loading miningBargeSkillLevelIceHarvestingRange (Effect8236)
[2024-03-28 22:18:58.006966] ERROR: eos.gamedata: AttributeError generating handler: module 'eos.effects' has no attribute 'Effect8236'
[2024-03-28 22:18:58.006966] DEBUG: eos.gamedata: Loading miningBargeSkillLevelGeneralMiningHoldCapacity (Effect8240)
[2024-03-28 22:18:58.006966] ERROR: eos.gamedata: AttributeError generating handler: module 'eos.effects' has no attribute 'Effect8240'
[2024-03-28 22:18:58.006966] DEBUG: eos.gamedata: Loading miningBargeSkillLevelShieldCapacity (Effect8241)
[2024-03-28 22:18:58.006966] ERROR: eos.gamedata: AttributeError generating handler: module 'eos.effects' has no attribute 'Effect8241'
[2024-03-28 22:18:58.006966] DEBUG: eos.gamedata: Loading miningBargeSkillLevelArmorHP (Effect8242)
[2024-03-28 22:18:58.006966] ERROR: eos.gamedata: AttributeError generating handler: module 'eos.effects' has no attribute 'Effect8242'
[2024-03-28 22:18:58.007964] DEBUG: eos.gamedata: Loading freighterO1SkillLevel (Effect5996)
[2024-03-28 22:18:58.007964] ERROR: eos.gamedata: AttributeError generating handler: module 'eos.effects' has no attribute 'Effect5996'
[2024-03-28 22:18:58.007964] DEBUG: eos.gamedata: Loading freighterO2SkillLevel (Effect5997)
[2024-03-28 22:18:58.007964] ERROR: eos.gamedata: AttributeError generating handler: module 'eos.effects' has no attribute 'Effect5997'
[2024-03-28 22:18:58.007964] DEBUG: eos.gamedata: Loading skillSiegeModuleConsumptionQuantityBonus (Effect1650)
[2024-03-28 22:18:58.008961] DEBUG: eos.gamedata: Loading skillBonusFighters (Effect6560)
[2024-03-28 22:18:58.008961] DEBUG: eos.gamedata: Loading largeUpwellWeaponDmgBonusRequiredSkill (Effect8036)
[2024-03-28 22:18:58.009959] DEBUG: eos.gamedata: Loading smallVortonProjectorSkillDmgBonus (Effect8044)
[2024-03-28 22:18:58.009959] DEBUG: eos.gamedata: Loading mediumVortonProjectorSkillDmgBonus (Effect8045)
[2024-03-28 22:18:58.010956] DEBUG: eos.gamedata: Loading largeVortonProjectorSkillDmgBonus (Effect8046)
[2024-03-28 22:18:58.011953] DEBUG: eos.gamedata: Loading upwellSkillDamageMuliplierBonus (Effect8041)
[2024-03-28 22:18:58.011953] DEBUG: eos.gamedata: Loading upwellSkillaoeVelocityaoeCloudSizeBonus (Effect8039)
[2024-03-28 22:18:58.011953] DEBUG: eos.gamedata: Loading upwellSkillaoeVelocityaoeCloudSizeBonusSkilllevel (Effect8040)
[2024-03-28 22:18:58.011953] ERROR: eos.gamedata: AttributeError generating handler: module 'eos.effects' has no attribute 'Effect8040'
[2024-03-28 22:18:58.012950] DEBUG: eos.gamedata: Loading skillBonusDoomsdayRapidFiring (Effect6642)
[2024-03-28 22:18:58.012950] DEBUG: eos.gamedata: Loading industrialReconfigurationBonusConsumptionQuantity (Effect8306)
[2024-03-28 22:18:58.013948] DEBUG: eos.gamedata: Loading industrialReconfigurationSkillLevelConsumptionQuantity (Effect8307)
[2024-03-28 22:18:58.013948] ERROR: eos.gamedata: AttributeError generating handler: module 'eos.effects' has no attribute 'Effect8307'
[2024-03-28 22:18:58.013948] DEBUG: eos.gamedata: Loading precursorDestroyerSkillLevelPreMulShipBonusPD1 (Effect7150)
[2024-03-28 22:18:58.013948] ERROR: eos.gamedata: AttributeError generating handler: module 'eos.effects' has no attribute 'Effect7150'
[2024-03-28 22:18:58.013948] DEBUG: eos.gamedata: Loading precursorDestroyerSkillLevelPreMulShipBonusPD2 (Effect7151)
[2024-03-28 22:18:58.013948] ERROR: eos.gamedata: AttributeError generating handler: module 'eos.effects' has no attribute 'Effect7151'
[2024-03-28 22:18:58.014945] DEBUG: eos.gamedata: Loading precursorBattlecruiserSkillLevelPreMulShipBonusPBC1 (Effect7152)
[2024-03-28 22:18:58.014945] ERROR: eos.gamedata: AttributeError generating handler: module 'eos.effects' has no attribute 'Effect7152'
[2024-03-28 22:18:58.014945] DEBUG: eos.gamedata: Loading precursorBattlecruiserSkillLevelPreMulShipBonusPBC2 (Effect7153)
[2024-03-28 22:18:58.014945] ERROR: eos.gamedata: AttributeError generating handler: module 'eos.effects' has no attribute 'Effect7153'
[2024-03-28 22:18:58.016940] DEBUG: eos.gamedata: Loading skillBonusHeavyFighters (Effect6563)
[2024-03-28 22:18:58.016940] DEBUG: eos.gamedata: Loading tacticalDestroyerAmarrSkillLevel1 (Effect6003)
[2024-03-28 22:18:58.016940] ERROR: eos.gamedata: AttributeError generating handler: module 'eos.effects' has no attribute 'Effect6003'
[2024-03-28 22:18:58.017937] DEBUG: eos.gamedata: Loading tacticalDestroyerAmarrSkillLevel2 (Effect6004)
[2024-03-28 22:18:58.017937] ERROR: eos.gamedata: AttributeError generating handler: module 'eos.effects' has no attribute 'Effect6004'
[2024-03-28 22:18:58.017937] DEBUG: eos.gamedata: Loading tacticalDestroyerAmarrSkillLevel3 (Effect6005)
[2024-03-28 22:18:58.017937] ERROR: eos.gamedata: AttributeError generating handler: module 'eos.effects' has no attribute 'Effect6005'
[2024-03-28 22:18:58.019932] DEBUG: eos.gamedata: Loading skillJumpCloneCooldownReduction (Effect5527)
[2024-03-28 22:18:58.019932] ERROR: eos.gamedata: AttributeError generating handler: module 'eos.effects' has no attribute 'Effect5527'
[2024-03-28 22:18:58.020929] DEBUG: eos.gamedata: Loading skillBonusLightFighters (Effect6561)
[2024-03-28 22:18:58.020929] DEBUG: eos.gamedata: Loading skillBonusSupportFightersShield (Effect6562)
[2024-03-28 22:18:58.022924] DEBUG: eos.gamedata: Loading rigDrawbackSkillEffect (Effect2725)
[2024-03-28 22:18:58.022924] ERROR: eos.gamedata: AttributeError generating handler: module 'eos.effects' has no attribute 'Effect2725'
[2024-03-28 22:18:58.022924] DEBUG: eos.gamedata: Loading rigDrawbackReductionArmor (Effect6697)
[2024-03-28 22:18:58.022924] DEBUG: eos.gamedata: Loading rigDrawbackReductionAstronautics (Effect6698)
[2024-03-28 22:18:58.023921] DEBUG: eos.gamedata: Loading rigDrawbackReductionDrones (Effect6699)
[2024-03-28 22:18:58.023921] DEBUG: eos.gamedata: Loading rigDrawbackReductionElectronic (Effect6700)
[2024-03-28 22:18:58.024919] DEBUG: eos.gamedata: Loading rigDrawbackReductionProjectile (Effect6701)
[2024-03-28 22:18:58.025916] DEBUG: eos.gamedata: Loading rigDrawbackReductionEnergyWeapon (Effect6702)
[2024-03-28 22:18:58.026913] DEBUG: eos.gamedata: Loading rigDrawbackReductionHybrid (Effect6703)
[2024-03-28 22:18:58.027911] DEBUG: eos.gamedata: Loading rigDrawbackReductionLauncher (Effect6704)
[2024-03-28 22:18:58.027911] DEBUG: eos.gamedata: Loading rigDrawbackReductionShield (Effect6705)
[2024-03-28 22:18:58.028908] DEBUG: eos.gamedata: Loading reactionTimeBonusPostPercentManufactureTimeMultiplierChar (Effect6891)
[2024-03-28 22:18:58.028908] ERROR: eos.gamedata: AttributeError generating handler: module 'eos.effects' has no attribute 'Effect6891'
[2024-03-28 22:18:58.028908] DEBUG: eos.gamedata: Loading reactionSkillBoostManufacturingTimeBonus (Effect6892)
[2024-03-28 22:18:58.028908] ERROR: eos.gamedata: AttributeError generating handler: module 'eos.effects' has no attribute 'Effect6892'
[2024-03-28 22:18:58.029905] DEBUG: eos.gamedata: Loading massReactionSkillLevelModAddReactionSlotLimitChar (Effect6893)
[2024-03-28 22:18:58.029905] ERROR: eos.gamedata: AttributeError generating handler: module 'eos.effects' has no attribute 'Effect6893'
[2024-03-28 22:18:58.030903] DEBUG: eos.gamedata: Loading iceHarvestingDroneOperationDurationBonus (Effect6763)
[2024-03-28 22:18:58.031900] DEBUG: eos.gamedata: Loading iceHarvestingDroneSpecBonus (Effect6764)
[2024-03-28 22:18:58.032897] DEBUG: eos.gamedata: Loading capitalLauncherSkillCruiseCitadelEmDamage1 (Effect4555)
[2024-03-28 22:18:58.032897] DEBUG: eos.gamedata: Loading capitalLauncherSkillCruiseCitadelExplosiveDamage1 (Effect4556)
[2024-03-28 22:18:58.032897] DEBUG: eos.gamedata: Loading capitalLauncherSkillCruiseCitadelKineticDamage1 (Effect4557)
[2024-03-28 22:18:58.032897] DEBUG: eos.gamedata: Loading capitalLauncherSkillCruiseCitadelThermalDamage1 (Effect4558)
[2024-03-28 22:18:58.032897] DEBUG: eos.gamedata: Loading piCustomsOfficeTaxReduction (Effect5614)
[2024-03-28 22:18:58.033894] ERROR: eos.gamedata: AttributeError generating handler: module 'eos.effects' has no attribute 'Effect5614'
[2024-03-28 22:18:58.033894] DEBUG: eos.gamedata: Loading piTaxReductionModifierSkillModifier (Effect5615)
[2024-03-28 22:18:58.033894] ERROR: eos.gamedata: AttributeError generating handler: module 'eos.effects' has no attribute 'Effect5615'
[2024-03-28 22:18:58.033894] DEBUG: eos.gamedata: Loading cruiserConstructionSkillBoostCruiserConstructionTimeBonus (Effect338)
[2024-03-28 22:18:58.033894] ERROR: eos.gamedata: AttributeError generating handler: module 'eos.effects' has no attribute 'Effect338'
[2024-03-28 22:18:58.033894] DEBUG: eos.gamedata: Loading cruiserConstructionCruiserConstructionTimeBonusPostPercentCruiserConstructionTimeChar (Effect339)
[2024-03-28 22:18:58.033894] ERROR: eos.gamedata: AttributeError generating handler: module 'eos.effects' has no attribute 'Effect339'
[2024-03-28 22:18:58.034892] DEBUG: eos.gamedata: Loading remoteArmorSystemsCapNeedBonusPostPercentCapacitorNeedLocationShipModulesRequiringRemoteArmorSystems (Effect1030)
[2024-03-28 22:18:58.035889] DEBUG: eos.gamedata: Loading spatialPhenomenaGenerationDurationBonus (Effect6765)
[2024-03-28 22:18:58.036887] DEBUG: eos.gamedata: Loading oreCapitalShipSkillMultiplier1 (Effect3262)
[2024-03-28 22:18:58.036887] ERROR: eos.gamedata: AttributeError generating handler: module 'eos.effects' has no attribute 'Effect3262'
[2024-03-28 22:18:58.036887] DEBUG: eos.gamedata: Loading oreCapitalShipSkillMultiplier2 (Effect3263)
[2024-03-28 22:18:58.036887] ERROR: eos.gamedata: AttributeError generating handler: module 'eos.effects' has no attribute 'Effect3263'
[2024-03-28 22:18:58.036887] DEBUG: eos.gamedata: Loading oreCapitalShipSkillMultiplier3 (Effect3311)
[2024-03-28 22:18:58.036887] ERROR: eos.gamedata: AttributeError generating handler: module 'eos.effects' has no attribute 'Effect3311'
[2024-03-28 22:18:58.036887] DEBUG: eos.gamedata: Loading oreCapitalShipSkillMultiplier4 (Effect3327)
[2024-03-28 22:18:58.036887] ERROR: eos.gamedata: AttributeError generating handler: module 'eos.effects' has no attribute 'Effect3327'
[2024-03-28 22:18:58.036887] DEBUG: eos.gamedata: Loading oreCapitalShipSkillMultiplier5 (Effect6791)
[2024-03-28 22:18:58.036887] ERROR: eos.gamedata: AttributeError generating handler: module 'eos.effects' has no attribute 'Effect6791'
[2024-03-28 22:18:58.036887] DEBUG: eos.gamedata: Loading capitalIndustrialShipSkillLevelDroneOreMiningYield (Effect8298)
[2024-03-28 22:18:58.037884] ERROR: eos.gamedata: AttributeError generating handler: module 'eos.effects' has no attribute 'Effect8298'
[2024-03-28 22:18:58.037884] DEBUG: eos.gamedata: Loading capitalIndustrialShipSkillLevelDroneIceHarvestingCycleTime (Effect8299)
[2024-03-28 22:18:58.037884] ERROR: eos.gamedata: AttributeError generating handler: module 'eos.effects' has no attribute 'Effect8299'
[2024-03-28 22:18:58.037884] DEBUG: eos.gamedata: Loading capitalIndustrialShipSkillLevelDroneHitPoints (Effect8310)
[2024-03-28 22:18:58.037884] ERROR: eos.gamedata: AttributeError generating handler: module 'eos.effects' has no attribute 'Effect8310'
[2024-03-28 22:18:58.037884] DEBUG: eos.gamedata: Loading capitalIndustrialShipSkillLevelDroneDamage (Effect8471)
[2024-03-28 22:18:58.037884] ERROR: eos.gamedata: AttributeError generating handler: module 'eos.effects' has no attribute 'Effect8471'
[2024-03-28 22:18:58.037884] DEBUG: eos.gamedata: Loading capitalIndustrialShipSkillLevelMiningForemanBurstRange (Effect8473)
[2024-03-28 22:18:58.037884] ERROR: eos.gamedata: AttributeError generating handler: module 'eos.effects' has no attribute 'Effect8473'
[2024-03-28 22:18:58.038881] DEBUG: eos.gamedata: Loading tacticalDestroyerMinmatarSkillLevel1 (Effect6033)
[2024-03-28 22:18:58.038881] ERROR: eos.gamedata: AttributeError generating handler: module 'eos.effects' has no attribute 'Effect6033'
[2024-03-28 22:18:58.038881] DEBUG: eos.gamedata: Loading tacticalDestroyerMinmatarSkillLevel2 (Effect6034)
[2024-03-28 22:18:58.038881] ERROR: eos.gamedata: AttributeError generating handler: module 'eos.effects' has no attribute 'Effect6034'
[2024-03-28 22:18:58.038881] DEBUG: eos.gamedata: Loading tacticalDestroyerMinmatarSkillLevel3 (Effect6035)
[2024-03-28 22:18:58.038881] ERROR: eos.gamedata: AttributeError generating handler: module 'eos.effects' has no attribute 'Effect6035'
[2024-03-28 22:18:58.039879] DEBUG: eos.gamedata: Loading capitalRemoteShieldTransferCapNeedBonusSkill (Effect2355)
[2024-03-28 22:18:58.039879] DEBUG: eos.gamedata: Loading commandDestroyerSkillMultiplier1 (Effect6209)
[2024-03-28 22:18:58.039879] ERROR: eos.gamedata: AttributeError generating handler: module 'eos.effects' has no attribute 'Effect6209'
[2024-03-28 22:18:58.039879] DEBUG: eos.gamedata: Loading commandDestroyerSkillMultiplier2 (Effect6210)
[2024-03-28 22:18:58.040876] ERROR: eos.gamedata: AttributeError generating handler: module 'eos.effects' has no attribute 'Effect6210'
[2024-03-28 22:18:58.040876] DEBUG: eos.gamedata: Loading commandDestroyerSkillMultiplier3 (Effect6211)
[2024-03-28 22:18:58.040876] ERROR: eos.gamedata: AttributeError generating handler: module 'eos.effects' has no attribute 'Effect6211'
[2024-03-28 22:18:58.042871] DEBUG: eos.gamedata: Loading skillMultiplierShipBonusForceAuxiliaryAmarr (Effect6514)
[2024-03-28 22:18:58.042871] ERROR: eos.gamedata: AttributeError generating handler: module 'eos.effects' has no attribute 'Effect6514'
[2024-03-28 22:18:58.042871] DEBUG: eos.gamedata: Loading skillMultiplierShipBonusCarrierAmarr (Effect6583)
[2024-03-28 22:18:58.042871] ERROR: eos.gamedata: AttributeError generating handler: module 'eos.effects' has no attribute 'Effect6583'
[2024-03-28 22:18:58.043868] DEBUG: eos.gamedata: Loading skillMultiplierShipBonusSupercarrierAmarr (Effect6587)
[2024-03-28 22:18:58.043868] ERROR: eos.gamedata: AttributeError generating handler: module 'eos.effects' has no attribute 'Effect6587'
[2024-03-28 22:18:58.043868] DEBUG: eos.gamedata: Loading skillMultiplierShipBonusForceAuxiliaryCaldari (Effect6517)
[2024-03-28 22:18:58.043868] ERROR: eos.gamedata: AttributeError generating handler: module 'eos.effects' has no attribute 'Effect6517'
[2024-03-28 22:18:58.043868] DEBUG: eos.gamedata: Loading skillMultiplierShipBonusCarrierCaldari (Effect6584)
[2024-03-28 22:18:58.043868] ERROR: eos.gamedata: AttributeError generating handler: module 'eos.effects' has no attribute 'Effect6584'
[2024-03-28 22:18:58.043868] DEBUG: eos.gamedata: Loading skillMultiplierShipBonusSupercarrierCaldari (Effect6588)
[2024-03-28 22:18:58.043868] ERROR: eos.gamedata: AttributeError generating handler: module 'eos.effects' has no attribute 'Effect6588'
[2024-03-28 22:18:58.044865] DEBUG: eos.gamedata: Loading skillMultiplierShipBonusForceAuxiliaryGallente (Effect6520)
[2024-03-28 22:18:58.044865] ERROR: eos.gamedata: AttributeError generating handler: module 'eos.effects' has no attribute 'Effect6520'
[2024-03-28 22:18:58.045863] DEBUG: eos.gamedata: Loading skillMultiplierShipBonusCarrierGallente (Effect6585)
[2024-03-28 22:18:58.045863] ERROR: eos.gamedata: AttributeError generating handler: module 'eos.effects' has no attribute 'Effect6585'
[2024-03-28 22:18:58.045863] DEBUG: eos.gamedata: Loading skillMultiplierShipBonusSupercarrierGallente (Effect6589)
[2024-03-28 22:18:58.045863] ERROR: eos.gamedata: AttributeError generating handler: module 'eos.effects' has no attribute 'Effect6589'
[2024-03-28 22:18:58.045863] DEBUG: eos.gamedata: Loading skillMultiplierShipBonusForceAuxiliaryMinmatar (Effect6523)
[2024-03-28 22:18:58.045863] ERROR: eos.gamedata: AttributeError generating handler: module 'eos.effects' has no attribute 'Effect6523'
[2024-03-28 22:18:58.045863] DEBUG: eos.gamedata: Loading skillMultiplierShipBonusCarrierMinmatar (Effect6586)
[2024-03-28 22:18:58.046860] ERROR: eos.gamedata: AttributeError generating handler: module 'eos.effects' has no attribute 'Effect6586'
[2024-03-28 22:18:58.046860] DEBUG: eos.gamedata: Loading skillMultiplierShipBonusSupercarrierMinmatar (Effect6590)
[2024-03-28 22:18:58.046860] ERROR: eos.gamedata: AttributeError generating handler: module 'eos.effects' has no attribute 'Effect6590'
[2024-03-28 22:18:58.046860] DEBUG: eos.gamedata: Loading precursorFrigateSkillLevelPreMulShipBonusPF1 (Effect7065)
[2024-03-28 22:18:58.046860] ERROR: eos.gamedata: AttributeError generating handler: module 'eos.effects' has no attribute 'Effect7065'
[2024-03-28 22:18:58.046860] DEBUG: eos.gamedata: Loading precursorFrigateSkillLevelPreMulShipBonusPF2 (Effect7066)
[2024-03-28 22:18:58.046860] ERROR: eos.gamedata: AttributeError generating handler: module 'eos.effects' has no attribute 'Effect7066'
[2024-03-28 22:18:58.047857] DEBUG: eos.gamedata: Loading precursorCruiserSkillLevelPreMulShipBonusPC1 (Effect7067)
[2024-03-28 22:18:58.047857] ERROR: eos.gamedata: AttributeError generating handler: module 'eos.effects' has no attribute 'Effect7067'
[2024-03-28 22:18:58.047857] DEBUG: eos.gamedata: Loading precursorCruiserSkillLevelPreMulShipBonusPC2 (Effect7068)
[2024-03-28 22:18:58.047857] ERROR: eos.gamedata: AttributeError generating handler: module 'eos.effects' has no attribute 'Effect7068'
[2024-03-28 22:18:58.048855] DEBUG: eos.gamedata: Loading precursorBattleShipSkillLevelPreMulShipBonusPBS1 (Effect7069)
[2024-03-28 22:18:58.048855] ERROR: eos.gamedata: AttributeError generating handler: module 'eos.effects' has no attribute 'Effect7069'
[2024-03-28 22:18:58.048855] DEBUG: eos.gamedata: Loading precursorBattleshipSkillLevelPreMulShipBonusPBS2 (Effect7070)
[2024-03-28 22:18:58.048855] ERROR: eos.gamedata: AttributeError generating handler: module 'eos.effects' has no attribute 'Effect7070'
[2024-03-28 22:18:58.048855] DEBUG: eos.gamedata: Loading smallPrecursorTurretDmgBonusRequiredSkill (Effect7071)
[2024-03-28 22:18:58.049852] DEBUG: eos.gamedata: Loading mediumPrecursorTurretDmgBonusRequiredSkill (Effect7072)
[2024-03-28 22:18:58.049852] DEBUG: eos.gamedata: Loading largePrecursorTurretDmgBonusRequiredSkill (Effect7073)
[2024-03-28 22:18:58.050849] DEBUG: eos.gamedata: Loading smallDisintegratorSkillDmgBonus (Effect7074)
[2024-03-28 22:18:58.050849] DEBUG: eos.gamedata: Loading mediumDisintegratorSkillDmgBonus (Effect7075)
[2024-03-28 22:18:58.051847] DEBUG: eos.gamedata: Loading largeDisintegratorSkillDmgBonus (Effect7076)
[2024-03-28 22:18:58.051847] DEBUG: eos.gamedata: Loading mediumUpwellWeaponDmgBonusRequiredSkill (Effect8035)
[2024-03-28 22:18:58.052844] DEBUG: eos.gamedata: Loading skillMultiplierShipBonusDreadnoughtPrecursor (Effect7241)
[2024-03-28 22:18:58.052844] ERROR: eos.gamedata: AttributeError generating handler: module 'eos.effects' has no attribute 'Effect7241'
[2024-03-28 22:18:58.053841] DEBUG: eos.gamedata: Loading capitalPrecursorTurretDmgBonusRequiredSkill (Effect7242)
[2024-03-28 22:18:58.054839] DEBUG: eos.gamedata: Loading interceptorsSkillLevelPreMulEliteBonusInterceptorShip (Effect703)
[2024-03-28 22:18:58.054839] ERROR: eos.gamedata: AttributeError generating handler: module 'eos.effects' has no attribute 'Effect703'
[2024-03-28 22:18:58.054839] DEBUG: eos.gamedata: Loading interceptors2SkillLevelPreMulEliteBonusInterceptorShip (Effect1279)
[2024-03-28 22:18:58.055836] ERROR: eos.gamedata: AttributeError generating handler: module 'eos.effects' has no attribute 'Effect1279'
[2024-03-28 22:18:58.055836] DEBUG: eos.gamedata: Loading covertOpsSkillLevelPreMulEliteBonusCoverOpsShip (Effect704)
[2024-03-28 22:18:58.055836] ERROR: eos.gamedata: AttributeError generating handler: module 'eos.effects' has no attribute 'Effect704'
[2024-03-28 22:18:58.055836] DEBUG: eos.gamedata: Loading covertOpsSkillLevelPreMulEliteBonusCoverOpsShip2 (Effect1405)
[2024-03-28 22:18:58.055836] ERROR: eos.gamedata: AttributeError generating handler: module 'eos.effects' has no attribute 'Effect1405'
[2024-03-28 22:18:58.055836] DEBUG: eos.gamedata: Loading covertOpsSkillLevelPreMulEliteBonusCoverOpsShip3 (Effect4480)
[2024-03-28 22:18:58.055836] ERROR: eos.gamedata: AttributeError generating handler: module 'eos.effects' has no attribute 'Effect4480'
[2024-03-28 22:18:58.055836] DEBUG: eos.gamedata: Loading covertOpsSkillLevelPreMulEliteBonusCoverOpsShip4 (Effect6998)
[2024-03-28 22:18:58.056833] ERROR: eos.gamedata: AttributeError generating handler: module 'eos.effects' has no attribute 'Effect6998'
[2024-03-28 22:18:58.056833] DEBUG: eos.gamedata: Loading gunshipSkillMultiplier1 (Effect987)
[2024-03-28 22:18:58.056833] ERROR: eos.gamedata: AttributeError generating handler: module 'eos.effects' has no attribute 'Effect987'
[2024-03-28 22:18:58.056833] DEBUG: eos.gamedata: Loading gunshipSkillMultiplier2 (Effect988)
[2024-03-28 22:18:58.056833] ERROR: eos.gamedata: AttributeError generating handler: module 'eos.effects' has no attribute 'Effect988'
[2024-03-28 22:18:58.057831] DEBUG: eos.gamedata: Loading logisticSkillMultiplier1 (Effect1052)
[2024-03-28 22:18:58.057831] ERROR: eos.gamedata: AttributeError generating handler: module 'eos.effects' has no attribute 'Effect1052'
[2024-03-28 22:18:58.057831] DEBUG: eos.gamedata: Loading logisticSkillMultiplier2 (Effect1053)
[2024-03-28 22:18:58.057831] ERROR: eos.gamedata: AttributeError generating handler: module 'eos.effects' has no attribute 'Effect1053'
[2024-03-28 22:18:58.057831] DEBUG: eos.gamedata: Loading logisticSkillMultiplier3 (Effect6718)
[2024-03-28 22:18:58.057831] ERROR: eos.gamedata: AttributeError generating handler: module 'eos.effects' has no attribute 'Effect6718'
[2024-03-28 22:18:58.058828] DEBUG: eos.gamedata: Loading skillInterdictorEliteBonus1SkillLevel (Effect2426)
[2024-03-28 22:18:58.058828] ERROR: eos.gamedata: AttributeError generating handler: module 'eos.effects' has no attribute 'Effect2426'
[2024-03-28 22:18:58.058828] DEBUG: eos.gamedata: Loading skillInterdictorEliteBonus2SkillLevel (Effect2427)
[2024-03-28 22:18:58.058828] ERROR: eos.gamedata: AttributeError generating handler: module 'eos.effects' has no attribute 'Effect2427'
[2024-03-28 22:18:58.058828] DEBUG: eos.gamedata: Loading subsystemSkillLevelAmarrDefensive (Effect3832)
[2024-03-28 22:18:58.058828] ERROR: eos.gamedata: AttributeError generating handler: module 'eos.effects' has no attribute 'Effect3832'
[2024-03-28 22:18:58.059825] DEBUG: eos.gamedata: Loading subsystemSkillLevelAmarrDefensive2 (Effect4195)
[2024-03-28 22:18:58.059825] ERROR: eos.gamedata: AttributeError generating handler: module 'eos.effects' has no attribute 'Effect4195'
[2024-03-28 22:18:58.059825] DEBUG: eos.gamedata: Loading subsystemSkillLevelAmarrDefensive3 (Effect6912)
[2024-03-28 22:18:58.059825] ERROR: eos.gamedata: AttributeError generating handler: module 'eos.effects' has no attribute 'Effect6912'
[2024-03-28 22:18:58.059825] DEBUG: eos.gamedata: Loading subsystemSkillLevelAmarrOffensive (Effect3847)
[2024-03-28 22:18:58.059825] ERROR: eos.gamedata: AttributeError generating handler: module 'eos.effects' has no attribute 'Effect3847'
[2024-03-28 22:18:58.059825] DEBUG: eos.gamedata: Loading subsystemSkillLevelAmarrOffensive2 (Effect4210)
[2024-03-28 22:18:58.060823] ERROR: eos.gamedata: AttributeError generating handler: module 'eos.effects' has no attribute 'Effect4210'
[2024-03-28 22:18:58.060823] DEBUG: eos.gamedata: Loading subsystemSkillLevelAmarrOffensive3 (Effect4338)
[2024-03-28 22:18:58.060823] ERROR: eos.gamedata: AttributeError generating handler: module 'eos.effects' has no attribute 'Effect4338'
[2024-03-28 22:18:58.060823] DEBUG: eos.gamedata: Loading selfT2SmallHybridRailDamageBonus (Effect1006)
[2024-03-28 22:18:58.061820] DEBUG: eos.gamedata: Loading selfT2SmallLaserBeamDamageBonus (Effect1004)
[2024-03-28 22:18:58.061820] DEBUG: eos.gamedata: Loading selfT2SmallProjectileACDamageBonus (Effect1007)
[2024-03-28 22:18:58.062817] DEBUG: eos.gamedata: Loading subsystemSkillLevelAmarrPropulsion (Effect3848)
[2024-03-28 22:18:58.062817] ERROR: eos.gamedata: AttributeError generating handler: module 'eos.effects' has no attribute 'Effect3848'
[2024-03-28 22:18:58.062817] DEBUG: eos.gamedata: Loading subsystemSkillLevelAmarrPropulsion2 (Effect4211)
[2024-03-28 22:18:58.062817] ERROR: eos.gamedata: AttributeError generating handler: module 'eos.effects' has no attribute 'Effect4211'
[2024-03-28 22:18:58.063815] DEBUG: eos.gamedata: Loading subsystemSkillLevelAmarrEngineering (Effect3840)
[2024-03-28 22:18:58.063815] ERROR: eos.gamedata: AttributeError generating handler: module 'eos.effects' has no attribute 'Effect3840'
[2024-03-28 22:18:58.063815] DEBUG: eos.gamedata: Loading subsystemSkillLevelAmarrEngineering2 (Effect4203)
[2024-03-28 22:18:58.063815] ERROR: eos.gamedata: AttributeError generating handler: module 'eos.effects' has no attribute 'Effect4203'
[2024-03-28 22:18:58.063815] DEBUG: eos.gamedata: Loading subsystemSkillLevelAmarrEngineering3 (Effect6913)
[2024-03-28 22:18:58.063815] ERROR: eos.gamedata: AttributeError generating handler: module 'eos.effects' has no attribute 'Effect6913'
[2024-03-28 22:18:58.063815] DEBUG: eos.gamedata: Loading subsystemSkillLevelGallenteDefensive (Effect3834)
[2024-03-28 22:18:58.063815] ERROR: eos.gamedata: AttributeError generating handler: module 'eos.effects' has no attribute 'Effect3834'
[2024-03-28 22:18:58.064812] DEBUG: eos.gamedata: Loading subsystemSkillLevelGallenteDefensive2 (Effect4197)
[2024-03-28 22:18:58.064812] ERROR: eos.gamedata: AttributeError generating handler: module 'eos.effects' has no attribute 'Effect4197'
[2024-03-28 22:18:58.064812] DEBUG: eos.gamedata: Loading subsystemSkillLevelGallenteDefensive3 (Effect6917)
[2024-03-28 22:18:58.064812] ERROR: eos.gamedata: AttributeError generating handler: module 'eos.effects' has no attribute 'Effect6917'
[2024-03-28 22:18:58.064812] DEBUG: eos.gamedata: Loading salvageDroneSpecBonus (Effect8104)
[2024-03-28 22:18:58.064812] DEBUG: eos.gamedata: Loading skillMultiplierAccessDifficultyBonus (Effect8105)
[2024-03-28 22:18:58.064812] ERROR: eos.gamedata: AttributeError generating handler: module 'eos.effects' has no attribute 'Effect8105'
[2024-03-28 22:18:58.065809] DEBUG: eos.gamedata: Loading subsystemSkillLevelCaldariDefensive (Effect3833)
[2024-03-28 22:18:58.065809] ERROR: eos.gamedata: AttributeError generating handler: module 'eos.effects' has no attribute 'Effect3833'
[2024-03-28 22:18:58.065809] DEBUG: eos.gamedata: Loading subsystemSkillLevelCaldariDefensive2 (Effect4196)
[2024-03-28 22:18:58.065809] ERROR: eos.gamedata: AttributeError generating handler: module 'eos.effects' has no attribute 'Effect4196'
[2024-03-28 22:18:58.065809] DEBUG: eos.gamedata: Loading subsystemSkillLevelCaldariDefensive3 (Effect6915)
[2024-03-28 22:18:58.065809] ERROR: eos.gamedata: AttributeError generating handler: module 'eos.effects' has no attribute 'Effect6915'
[2024-03-28 22:18:58.066807] DEBUG: eos.gamedata: Loading subsystemSkillLevelMinmatarDefensive (Effect3835)
[2024-03-28 22:18:58.066807] ERROR: eos.gamedata: AttributeError generating handler: module 'eos.effects' has no attribute 'Effect3835'
[2024-03-28 22:18:58.066807] DEBUG: eos.gamedata: Loading subsystemSkillLevelMinmatarDefensive2 (Effect4198)
[2024-03-28 22:18:58.066807] ERROR: eos.gamedata: AttributeError generating handler: module 'eos.effects' has no attribute 'Effect4198'
[2024-03-28 22:18:58.066807] DEBUG: eos.gamedata: Loading subsystemSkillLevelMinmatarDefensive3 (Effect6919)
[2024-03-28 22:18:58.066807] ERROR: eos.gamedata: AttributeError generating handler: module 'eos.effects' has no attribute 'Effect6919'
[2024-03-28 22:18:58.067804] DEBUG: eos.gamedata: Loading subsystemSkillLevelGallenteEngineering (Effect3842)
[2024-03-28 22:18:58.067804] ERROR: eos.gamedata: AttributeError generating handler: module 'eos.effects' has no attribute 'Effect3842'
[2024-03-28 22:18:58.067804] DEBUG: eos.gamedata: Loading subsystemSkillLevelGallenteEngineering2 (Effect4205)
[2024-03-28 22:18:58.067804] ERROR: eos.gamedata: AttributeError generating handler: module 'eos.effects' has no attribute 'Effect4205'
[2024-03-28 22:18:58.067804] DEBUG: eos.gamedata: Loading subsystemSkillLevelGallenteEngineering3 (Effect6916)
[2024-03-28 22:18:58.067804] ERROR: eos.gamedata: AttributeError generating handler: module 'eos.effects' has no attribute 'Effect6916'
[2024-03-28 22:18:58.068801] DEBUG: eos.gamedata: Loading subsystemSkillLevelMinmatarEngineering (Effect3843)
[2024-03-28 22:18:58.068801] ERROR: eos.gamedata: AttributeError generating handler: module 'eos.effects' has no attribute 'Effect3843'
[2024-03-28 22:18:58.068801] DEBUG: eos.gamedata: Loading subsystemSkillLevelMinmatarEngineering2 (Effect4206)
[2024-03-28 22:18:58.068801] ERROR: eos.gamedata: AttributeError generating handler: module 'eos.effects' has no attribute 'Effect4206'
[2024-03-28 22:18:58.068801] DEBUG: eos.gamedata: Loading subsystemSkillLevelMinmatarEngineering3 (Effect6918)
[2024-03-28 22:18:58.068801] ERROR: eos.gamedata: AttributeError generating handler: module 'eos.effects' has no attribute 'Effect6918'
[2024-03-28 22:18:58.068801] DEBUG: eos.gamedata: Loading subsystemSkillLevelCaldariEngineering (Effect3841)
[2024-03-28 22:18:58.069799] ERROR: eos.gamedata: AttributeError generating handler: module 'eos.effects' has no attribute 'Effect3841'
[2024-03-28 22:18:58.069799] DEBUG: eos.gamedata: Loading subsystemSkillLevelCaldariEngineering2 (Effect4204)
[2024-03-28 22:18:58.069799] ERROR: eos.gamedata: AttributeError generating handler: module 'eos.effects' has no attribute 'Effect4204'
[2024-03-28 22:18:58.069799] DEBUG: eos.gamedata: Loading subsystemSkillLevelCaldariEngineering3 (Effect6914)
[2024-03-28 22:18:58.069799] ERROR: eos.gamedata: AttributeError generating handler: module 'eos.effects' has no attribute 'Effect6914'
[2024-03-28 22:18:58.069799] DEBUG: eos.gamedata: Loading subsystemSkillLevelCaldariOffensive (Effect3846)
[2024-03-28 22:18:58.069799] ERROR: eos.gamedata: AttributeError generating handler: module 'eos.effects' has no attribute 'Effect3846'
[2024-03-28 22:18:58.069799] DEBUG: eos.gamedata: Loading subsystemSkillLevelCaldariOffensive2 (Effect4209)
[2024-03-28 22:18:58.070796] ERROR: eos.gamedata: AttributeError generating handler: module 'eos.effects' has no attribute 'Effect4209'
[2024-03-28 22:18:58.070796] DEBUG: eos.gamedata: Loading subsystemSkillLevelCaldariOffensive3 (Effect4339)
[2024-03-28 22:18:58.070796] ERROR: eos.gamedata: AttributeError generating handler: module 'eos.effects' has no attribute 'Effect4339'
[2024-03-28 22:18:58.070796] DEBUG: eos.gamedata: Loading subsystemSkillLevelGallenteOffensive (Effect3845)
[2024-03-28 22:18:58.070796] ERROR: eos.gamedata: AttributeError generating handler: module 'eos.effects' has no attribute 'Effect3845'
[2024-03-28 22:18:58.070796] DEBUG: eos.gamedata: Loading subsystemSkillLevelGallenteOffensive2 (Effect4208)
[2024-03-28 22:18:58.070796] ERROR: eos.gamedata: AttributeError generating handler: module 'eos.effects' has no attribute 'Effect4208'
[2024-03-28 22:18:58.070796] DEBUG: eos.gamedata: Loading subsystemSkillLevelGallenteOffensive3 (Effect4341)
[2024-03-28 22:18:58.071793] ERROR: eos.gamedata: AttributeError generating handler: module 'eos.effects' has no attribute 'Effect4341'
[2024-03-28 22:18:58.071793] DEBUG: eos.gamedata: Loading subsystemSkillLevelMinmatarOffensive (Effect3844)
[2024-03-28 22:18:58.071793] ERROR: eos.gamedata: AttributeError generating handler: module 'eos.effects' has no attribute 'Effect3844'
[2024-03-28 22:18:58.071793] DEBUG: eos.gamedata: Loading subsystemSkillLevelMinmatarOffensive2 (Effect4207)
[2024-03-28 22:18:58.071793] ERROR: eos.gamedata: AttributeError generating handler: module 'eos.effects' has no attribute 'Effect4207'
[2024-03-28 22:18:58.071793] DEBUG: eos.gamedata: Loading subsystemSkillLevelMinmatarOffensive3 (Effect4350)
[2024-03-28 22:18:58.071793] ERROR: eos.gamedata: AttributeError generating handler: module 'eos.effects' has no attribute 'Effect4350'
[2024-03-28 22:18:58.072791] DEBUG: eos.gamedata: Loading subsystemSkillLevelCaldariPropulsion (Effect3849)
[2024-03-28 22:18:58.072791] ERROR: eos.gamedata: AttributeError generating handler: module 'eos.effects' has no attribute 'Effect3849'
[2024-03-28 22:18:58.072791] DEBUG: eos.gamedata: Loading subsystemSkillLevelCaldariPropulsion2 (Effect4212)
[2024-03-28 22:18:58.072791] ERROR: eos.gamedata: AttributeError generating handler: module 'eos.effects' has no attribute 'Effect4212'
[2024-03-28 22:18:58.073788] DEBUG: eos.gamedata: Loading subsystemSkillLevelGallentePropulsion (Effect3850)
[2024-03-28 22:18:58.073788] ERROR: eos.gamedata: AttributeError generating handler: module 'eos.effects' has no attribute 'Effect3850'
[2024-03-28 22:18:58.073788] DEBUG: eos.gamedata: Loading subsystemSkillLevelGallentePropulsion2 (Effect4213)
[2024-03-28 22:18:58.073788] ERROR: eos.gamedata: AttributeError generating handler: module 'eos.effects' has no attribute 'Effect4213'
[2024-03-28 22:18:58.073788] DEBUG: eos.gamedata: Loading subsystemSkillLevelMinmatarPropulsion (Effect3851)
[2024-03-28 22:18:58.073788] ERROR: eos.gamedata: AttributeError generating handler: module 'eos.effects' has no attribute 'Effect3851'
[2024-03-28 22:18:58.074785] DEBUG: eos.gamedata: Loading subsystemSkillLevelMinmatarPropulsion2 (Effect4214)
[2024-03-28 22:18:58.074785] ERROR: eos.gamedata: AttributeError generating handler: module 'eos.effects' has no attribute 'Effect4214'
[2024-03-28 22:18:58.074785] DEBUG: eos.gamedata: Loading tacticalDestroyerCaldariSkillLevel1 (Effect6078)
[2024-03-28 22:18:58.074785] ERROR: eos.gamedata: AttributeError generating handler: module 'eos.effects' has no attribute 'Effect6078'
[2024-03-28 22:18:58.074785] DEBUG: eos.gamedata: Loading tacticalDestroyerCaldariSkillLevel2 (Effect6079)
[2024-03-28 22:18:58.074785] ERROR: eos.gamedata: AttributeError generating handler: module 'eos.effects' has no attribute 'Effect6079'
[2024-03-28 22:18:58.074785] DEBUG: eos.gamedata: Loading tacticalDestroyerCaldariSkillLevel3 (Effect6080)
[2024-03-28 22:18:58.074785] ERROR: eos.gamedata: AttributeError generating handler: module 'eos.effects' has no attribute 'Effect6080'
[2024-03-28 22:18:58.075782] DEBUG: eos.gamedata: Loading tacticalDestroyerGallenteSkillLevel1 (Effect6145)
[2024-03-28 22:18:58.075782] ERROR: eos.gamedata: AttributeError generating handler: module 'eos.effects' has no attribute 'Effect6145'
[2024-03-28 22:18:58.075782] DEBUG: eos.gamedata: Loading tacticalDestroyerGallenteSkillLevel2 (Effect6146)
[2024-03-28 22:18:58.075782] ERROR: eos.gamedata: AttributeError generating handler: module 'eos.effects' has no attribute 'Effect6146'
[2024-03-28 22:18:58.075782] DEBUG: eos.gamedata: Loading tacticalDestroyerGallenteSkillLevel3 (Effect6147)
[2024-03-28 22:18:58.075782] ERROR: eos.gamedata: AttributeError generating handler: module 'eos.effects' has no attribute 'Effect6147'
[2024-03-28 22:18:58.076780] DEBUG: eos.gamedata: Loading capitalTurretSkillLaserDamage (Effect1585)
[2024-03-28 22:18:58.076780] DEBUG: eos.gamedata: Loading skillAdvancedSpaceshipAgilityBonus (Effect1614)
[2024-03-28 22:18:58.076780] ERROR: eos.gamedata: AttributeError generating handler: module 'eos.effects' has no attribute 'Effect1614'
[2024-03-28 22:18:58.077777] DEBUG: eos.gamedata: Loading cSOTrainingSkillBoostResearchGangSizeBonus (Effect334)
[2024-03-28 22:18:58.077777] ERROR: eos.gamedata: AttributeError generating handler: module 'eos.effects' has no attribute 'Effect334'
[2024-03-28 22:18:58.077777] DEBUG: eos.gamedata: Loading cSOTrainingResearchGangSizeBonusModAddMaxResearchGangSizeShip (Effect335)
[2024-03-28 22:18:58.077777] ERROR: eos.gamedata: AttributeError generating handler: module 'eos.effects' has no attribute 'Effect335'
[2024-03-28 22:18:58.079772] DEBUG: eos.gamedata: Loading skillStructureMissileDamageBonus (Effect6396)
[2024-03-28 22:18:58.079772] DEBUG: eos.gamedata: Loading skillStructureDoomsdayDurationBonus (Effect6679)
[2024-03-28 22:18:58.080769] DEBUG: eos.gamedata: Loading skillStructureElectronicSystemsCapNeedBonus (Effect6400)
[2024-03-28 22:18:58.081767] DEBUG: eos.gamedata: Loading skillStructureEngineeringSystemsCapNeedBonus (Effect6401)
[2024-03-28 22:18:58.082764] DEBUG: eos.gamedata: Loading skillCapitalIndustrialReconfigurationConsumptionQuantityBonus (Effect3264)
[2024-03-28 22:18:58.082764] DEBUG: eos.gamedata: Loading selfT2SmallProjectileArtyDamageBonus (Effect1008)
[2024-03-28 22:18:58.083761] DEBUG: eos.gamedata: Loading selfT2MediumProjectileArtyDamageBonus (Effect1014)
[2024-03-28 22:18:58.083761] DEBUG: eos.gamedata: Loading selfT2LargeProjectileArtyDamageBonus (Effect1020)
[2024-03-28 22:18:58.084759] DEBUG: eos.gamedata: Loading selfT2MediumLaserBeamDamageBonus (Effect1010)
[2024-03-28 22:18:58.085756] DEBUG: eos.gamedata: Loading selfT2LargeLaserBeamDamageBonus (Effect1016)
[2024-03-28 22:18:58.085756] DEBUG: eos.gamedata: Loading selfT2MediumHybridRailDamageBonus (Effect1012)
[2024-03-28 22:18:58.086753] DEBUG: eos.gamedata: Loading selfT2LargeHybridRailDamageBonus (Effect1018)
[2024-03-28 22:18:58.086753] DEBUG: eos.gamedata: Loading selfT2MediumProjectileACDamageBonus (Effect1013)
[2024-03-28 22:18:58.087751] DEBUG: eos.gamedata: Loading selfT2LargeProjectileACDamageBonus (Effect1019)
[2024-03-28 22:18:58.087751] DEBUG: eos.gamedata: Loading selfT2SmallHybridBlasterDamageBonus (Effect1005)
[2024-03-28 22:18:58.088748] DEBUG: eos.gamedata: Loading selfT2MediumHybridBlasterDamageBonus (Effect1011)
[2024-03-28 22:18:58.088748] DEBUG: eos.gamedata: Loading selfT2LargeHybridBlasterDamageBonus (Effect1017)
[2024-03-28 22:18:58.089745] DEBUG: eos.gamedata: Loading selfT2SmallLaserPulseDamageBonus (Effect1003)
[2024-03-28 22:18:58.089745] DEBUG: eos.gamedata: Loading selfT2MediumLaserPulseDamageBonus (Effect1009)
[2024-03-28 22:18:58.090743] DEBUG: eos.gamedata: Loading selfT2LargeLaserPulseDamageBonus (Effect1015)
[2024-03-28 22:18:58.090743] DEBUG: eos.gamedata: Loading neurotoxinRecoverySkillBoostChanceBonus (Effect2580)
[2024-03-28 22:18:58.090743] ERROR: eos.gamedata: AttributeError generating handler: module 'eos.effects' has no attribute 'Effect2580'
[2024-03-28 22:18:58.090743] DEBUG: eos.gamedata: Loading modifyBoosterEffectChanceWithBoosterChanceBonusPostPercent (Effect2589)
[2024-03-28 22:18:58.091740] DEBUG: eos.gamedata: Loading strategicCruiserAmarrSkillLevel1 (Effect4191)
[2024-03-28 22:18:58.091740] ERROR: eos.gamedata: AttributeError generating handler: module 'eos.effects' has no attribute 'Effect4191'
[2024-03-28 22:18:58.091740] DEBUG: eos.gamedata: Loading strategicCruiserAmarrSkillLevel2 (Effect6905)
[2024-03-28 22:18:58.091740] ERROR: eos.gamedata: AttributeError generating handler: module 'eos.effects' has no attribute 'Effect6905'
[2024-03-28 22:18:58.092739] DEBUG: eos.gamedata: Loading strategicCruiserCaldariSkillLevel1 (Effect4192)
[2024-03-28 22:18:58.092739] ERROR: eos.gamedata: AttributeError generating handler: module 'eos.effects' has no attribute 'Effect4192'
[2024-03-28 22:18:58.092739] DEBUG: eos.gamedata: Loading strategicCruiserCaldariSkillLevel2 (Effect6906)
[2024-03-28 22:18:58.092739] ERROR: eos.gamedata: AttributeError generating handler: module 'eos.effects' has no attribute 'Effect6906'
[2024-03-28 22:18:58.092739] DEBUG: eos.gamedata: Loading strategicCruiserGallenteSkillLevel1 (Effect4193)
[2024-03-28 22:18:58.092739] ERROR: eos.gamedata: AttributeError generating handler: module 'eos.effects' has no attribute 'Effect4193'
[2024-03-28 22:18:58.093735] DEBUG: eos.gamedata: Loading strategicCruiserGallenteSkillLevel2 (Effect6907)
[2024-03-28 22:18:58.093735] ERROR: eos.gamedata: AttributeError generating handler: module 'eos.effects' has no attribute 'Effect6907'
[2024-03-28 22:18:58.093735] DEBUG: eos.gamedata: Loading strategicCruiserMinmatarSkillLevel1 (Effect4194)
[2024-03-28 22:18:58.093735] ERROR: eos.gamedata: AttributeError generating handler: module 'eos.effects' has no attribute 'Effect4194'
[2024-03-28 22:18:58.093735] DEBUG: eos.gamedata: Loading strategicCruiserMinmatarSkillLevel2 (Effect6904)
[2024-03-28 22:18:58.093735] ERROR: eos.gamedata: AttributeError generating handler: module 'eos.effects' has no attribute 'Effect6904'
[2024-03-28 22:18:58.094732] DEBUG: eos.gamedata: Loading heavyInterdictorsSkillMultiplier1 (Effect3344)
[2024-03-28 22:18:58.094732] ERROR: eos.gamedata: AttributeError generating handler: module 'eos.effects' has no attribute 'Effect3344'
[2024-03-28 22:18:58.094732] DEBUG: eos.gamedata: Loading heavyInterdictorsSkillMultiplier2 (Effect3345)
[2024-03-28 22:18:58.094732] ERROR: eos.gamedata: AttributeError generating handler: module 'eos.effects' has no attribute 'Effect3345'
[2024-03-28 22:18:58.095729] DEBUG: eos.gamedata: Loading naniteControlSkillBoostBoosterAttributeModifier (Effect2590)
[2024-03-28 22:18:58.095729] ERROR: eos.gamedata: AttributeError generating handler: module 'eos.effects' has no attribute 'Effect2590'
[2024-03-28 22:18:58.095729] DEBUG: eos.gamedata: Loading boosterModifyBoosterArmorPenalties (Effect2760)
[2024-03-28 22:18:58.096727] DEBUG: eos.gamedata: Loading boosterModifyBoosterShieldPenalty (Effect2763)
[2024-03-28 22:18:58.096727] DEBUG: eos.gamedata: Loading boosterModifyBoosterMaxVelocityAndCapacitorPenalty (Effect2766)
[2024-03-28 22:18:58.096727] DEBUG: eos.gamedata: Loading boosterModifyBoosterMissilePenalty (Effect2776)
[2024-03-28 22:18:58.096727] DEBUG: eos.gamedata: Loading boosterModifyBoosterTurretPenalty (Effect2778)
[2024-03-28 22:18:58.097724] DEBUG: eos.gamedata: Loading industrialCommandShipSkillLevelMultiplierICS1 (Effect3741)
[2024-03-28 22:18:58.097724] ERROR: eos.gamedata: AttributeError generating handler: module 'eos.effects' has no attribute 'Effect3741'
[2024-03-28 22:18:58.097724] DEBUG: eos.gamedata: Loading industrialCommandShipSkillLevelMultiplierICS2 (Effect3743)
[2024-03-28 22:18:58.097724] ERROR: eos.gamedata: AttributeError generating handler: module 'eos.effects' has no attribute 'Effect3743'
[2024-03-28 22:18:58.097724] DEBUG: eos.gamedata: Loading industrialCommandShipSkillLevelMultiplierICS3 (Effect6739)
[2024-03-28 22:18:58.097724] ERROR: eos.gamedata: AttributeError generating handler: module 'eos.effects' has no attribute 'Effect6739'
[2024-03-28 22:18:58.097724] DEBUG: eos.gamedata: Loading industrialCommandShipSkillLevelMultiplierICS4 (Effect6740)
[2024-03-28 22:18:58.097724] ERROR: eos.gamedata: AttributeError generating handler: module 'eos.effects' has no attribute 'Effect6740'
[2024-03-28 22:18:58.097724] DEBUG: eos.gamedata: Loading industrialCommandShipSkillLevelMultiplierICS5 (Effect6785)
[2024-03-28 22:18:58.097724] ERROR: eos.gamedata: AttributeError generating handler: module 'eos.effects' has no attribute 'Effect6785'
[2024-03-28 22:18:58.097724] DEBUG: eos.gamedata: Loading industrialCommandSkillLevelDroneDamage (Effect8262)
[2024-03-28 22:18:58.097724] ERROR: eos.gamedata: AttributeError generating handler: module 'eos.effects' has no attribute 'Effect8262'
[2024-03-28 22:18:58.097724] DEBUG: eos.gamedata: Loading industrialCommandSkillLevelFuelConsuptionCompactIndustrialCore (Effect8265)
[2024-03-28 22:18:58.097724] ERROR: eos.gamedata: AttributeError generating handler: module 'eos.effects' has no attribute 'Effect8265'
[2024-03-28 22:18:58.097724] DEBUG: eos.gamedata: Loading industrialCommandSkillLevelMiningForemanBurstRange (Effect8266)
[2024-03-28 22:18:58.097724] ERROR: eos.gamedata: AttributeError generating handler: module 'eos.effects' has no attribute 'Effect8266'
[2024-03-28 22:18:58.098721] DEBUG: eos.gamedata: Loading industrialCommandSkillLevelGasHoldCapacity (Effect8273)
[2024-03-28 22:18:58.098721] ERROR: eos.gamedata: AttributeError generating handler: module 'eos.effects' has no attribute 'Effect8273'
[2024-03-28 22:18:58.098721] DEBUG: eos.gamedata: Loading industrialCommandSkillLevelIceHoldCapacity (Effect8274)
[2024-03-28 22:18:58.098721] ERROR: eos.gamedata: AttributeError generating handler: module 'eos.effects' has no attribute 'Effect8274'
[2024-03-28 22:18:58.098721] DEBUG: eos.gamedata: Loading industrialCommandSkillLevelGeneralMiningHoldCapacity (Effect8280)
[2024-03-28 22:18:58.098721] ERROR: eos.gamedata: AttributeError generating handler: module 'eos.effects' has no attribute 'Effect8280'
[2024-03-28 22:18:58.098721] DEBUG: eos.gamedata: Loading industrialCommandSkillLevelShipCargoCapacity (Effect8281)
[2024-03-28 22:18:58.098721] ERROR: eos.gamedata: AttributeError generating handler: module 'eos.effects' has no attribute 'Effect8281'
[2024-03-28 22:18:58.098721] DEBUG: eos.gamedata: Loading industrialCommandSkillLevelDroneOreMiningYield (Effect8292)
[2024-03-28 22:18:58.098721] ERROR: eos.gamedata: AttributeError generating handler: module 'eos.effects' has no attribute 'Effect8292'
[2024-03-28 22:18:58.098721] DEBUG: eos.gamedata: Loading industrialCommandSkillLevelDroneIceHarvestingCycleTime (Effect8293)
[2024-03-28 22:18:58.098721] ERROR: eos.gamedata: AttributeError generating handler: module 'eos.effects' has no attribute 'Effect8293'
[2024-03-28 22:18:58.098721] DEBUG: eos.gamedata: Loading industrialCommandSkillLevelDroneHitPoints (Effect8312)
[2024-03-28 22:18:58.098721] ERROR: eos.gamedata: AttributeError generating handler: module 'eos.effects' has no attribute 'Effect8312'
[2024-03-28 22:18:58.099719] DEBUG: eos.gamedata: Loading gasCloudHarvestingMaxGroupSkillLevel (Effect2727)
[2024-03-28 22:18:58.099719] DEBUG: eos.gamedata: Loading electronicAttackShipsSkillMultiplier1 (Effect3358)
[2024-03-28 22:18:58.099719] ERROR: eos.gamedata: AttributeError generating handler: module 'eos.effects' has no attribute 'Effect3358'
[2024-03-28 22:18:58.100716] DEBUG: eos.gamedata: Loading electronicAttackShipsSkillMultiplier2 (Effect3359)
[2024-03-28 22:18:58.100716] ERROR: eos.gamedata: AttributeError generating handler: module 'eos.effects' has no attribute 'Effect3359'
[2024-03-28 22:18:58.100716] DEBUG: eos.gamedata: Loading electronicAttackShipsSkillMultiplier3 (Effect6279)
[2024-03-28 22:18:58.100716] ERROR: eos.gamedata: AttributeError generating handler: module 'eos.effects' has no attribute 'Effect6279'
[2024-03-28 22:18:58.100716] DEBUG: eos.gamedata: Loading skillMultiplierShipBonusLancerDreadnought (Effect11695)
[2024-03-28 22:18:58.100716] ERROR: eos.gamedata: AttributeError generating handler: module 'eos.effects' has no attribute 'Effect11695'
[2024-03-28 22:18:58.102711] DEBUG: eos.gamedata: Loading skillDisruptionLanceCapacitorUsePremultiplier (Effect11699)
[2024-03-28 22:18:58.102711] ERROR: eos.gamedata: AttributeError generating handler: module 'eos.effects' has no attribute 'Effect11699'
[2024-03-28 22:18:58.102711] DEBUG: eos.gamedata: Loading skillDisruptionLanceCapacitorUseBonus (Effect11700)
[2024-03-28 22:18:58.105703] DEBUG: eos.gamedata: Loading blackOpsSkillMultiplier1 (Effect3404)
[2024-03-28 22:18:58.106700] ERROR: eos.gamedata: AttributeError generating handler: module 'eos.effects' has no attribute 'Effect3404'
[2024-03-28 22:18:58.106700] DEBUG: eos.gamedata: Loading blackOpsSkillMultiplier2 (Effect3405)
[2024-03-28 22:18:58.106700] ERROR: eos.gamedata: AttributeError generating handler: module 'eos.effects' has no attribute 'Effect3405'
[2024-03-28 22:18:58.106700] DEBUG: eos.gamedata: Loading blackOpsSkillMultiplier3 (Effect6875)
[2024-03-28 22:18:58.106700] ERROR: eos.gamedata: AttributeError generating handler: module 'eos.effects' has no attribute 'Effect6875'
[2024-03-28 22:18:58.106700] DEBUG: eos.gamedata: Loading blackOpsSkillMultiplier4 (Effect6876)
[2024-03-28 22:18:58.106700] ERROR: eos.gamedata: AttributeError generating handler: module 'eos.effects' has no attribute 'Effect6876'
[2024-03-28 22:18:58.108695] DEBUG: eos.gamedata: Loading fleetCompressionLogisticsRangeBonus (Effect8372)
[2024-03-28 22:18:58.108695] DEBUG: eos.gamedata: Loading fleetCompressionLogisticsSkillLevelBonus (Effect8373)
[2024-03-28 22:18:58.108695] ERROR: eos.gamedata: AttributeError generating handler: module 'eos.effects' has no attribute 'Effect8373'
[2024-03-28 22:18:58.108695] DEBUG: eos.gamedata: Loading skillConsumptionQuantityBonusPercentSkillLevel (Effect4813)
[2024-03-28 22:18:58.108695] ERROR: eos.gamedata: AttributeError generating handler: module 'eos.effects' has no attribute 'Effect4813'
[2024-03-28 22:18:58.108695] DEBUG: eos.gamedata: Loading jumpPortalConsumptionBonusPercentSkill (Effect4814)
[2024-03-28 22:18:58.109692] DEBUG: eos.gamedata: Loading skillSuperWeaponDmgBonus (Effect2402)
[2024-03-28 22:18:58.109692] DEBUG: eos.gamedata: Loading capitalRemoteArmorRepairerCapNeedBonusSkill (Effect2354)
[2024-03-28 22:18:58.110689] DEBUG: eos.gamedata: Loading violatorsSkillMultiplier1 (Effect3408)
[2024-03-28 22:18:58.110689] ERROR: eos.gamedata: AttributeError generating handler: module 'eos.effects' has no attribute 'Effect3408'
[2024-03-28 22:18:58.110689] DEBUG: eos.gamedata: Loading violatorsSkillMultiplier2 (Effect3409)
[2024-03-28 22:18:58.110689] ERROR: eos.gamedata: AttributeError generating handler: module 'eos.effects' has no attribute 'Effect3409'
[2024-03-28 22:18:58.111687] DEBUG: eos.gamedata: Loading capitalRemoteEnergyTransferCapNeedBonusSkill (Effect2356)
[2024-03-28 22:18:58.111687] DEBUG: eos.gamedata: Loading shipMissileVelocityPirateFactionLight (Effect1234)
[2024-03-28 22:18:58.111687] DEBUG: eos.gamedata: Loading shipMissileVelocityPirateFactionRocket (Effect5153)
[2024-03-28 22:18:58.111687] DEBUG: eos.gamedata: Loading shipBonusFrigateSizedMissileKineticDamageCD1 (Effect5305)
[2024-03-28 22:18:58.112684] DEBUG: eos.gamedata: Loading shipRocketKineticDmgCD1 (Effect5306)
[2024-03-28 22:18:58.112684] DEBUG: eos.gamedata: Loading shipBonusAoeVelocityRocketsCD2 (Effect5307)
[2024-03-28 22:18:58.112684] DEBUG: eos.gamedata: Loading shipBonusAoeVelocityStandardMissilesCD2 (Effect5308)
[2024-03-28 22:18:58.112684] DEBUG: eos.gamedata: Loading loPower (Effect11)
[2024-03-28 22:18:58.112684] ERROR: eos.gamedata: AttributeError generating handler: module 'eos.effects' has no attribute 'Effect11'
[2024-03-28 22:18:58.112684] DEBUG: eos.gamedata: Loading online (Effect16)
[2024-03-28 22:18:58.112684] ERROR: eos.gamedata: AttributeError generating handler: module 'eos.effects' has no attribute 'Effect16'
[2024-03-28 22:18:58.112684] DEBUG: eos.gamedata: Loading missileDMGBonus (Effect763)
[2024-03-28 22:18:58.112684] DEBUG: eos.gamedata: Loading missileLauncherSpeedMultiplier (Effect889)
[2024-03-28 22:18:58.112684] DEBUG: eos.gamedata: Loading medPower (Effect13)
[2024-03-28 22:18:58.112684] ERROR: eos.gamedata: AttributeError generating handler: module 'eos.effects' has no attribute 'Effect13'
[2024-03-28 22:18:58.112684] DEBUG: eos.gamedata: Loading capacitorCapacityMultiply (Effect58)
[2024-03-28 22:18:58.112684] DEBUG: eos.gamedata: Loading overloadSelfSpeedBonus (Effect3175)
[2024-03-28 22:18:58.112684] DEBUG: eos.gamedata: Loading moduleBonusMicrowarpdrive (Effect6730)
[2024-03-28 22:18:58.113681] DEBUG: eos.gamedata: Loading scriptMissileGuidanceComputerAOECloudSizeBonusBonus (Effect6128)
[2024-03-28 22:18:58.113681] DEBUG: eos.gamedata: Loading scriptMissileGuidanceComputerAOEVelocityBonusBonus (Effect6129)
[2024-03-28 22:18:58.113681] DEBUG: eos.gamedata: Loading scriptMissileGuidanceComputerMissileVelocityBonusBonus (Effect6130)
[2024-03-28 22:18:58.113681] DEBUG: eos.gamedata: Loading scriptMissileGuidanceComputerExplosionDelayBonusBonus (Effect6131)
[2024-03-28 22:18:58.113681] DEBUG: eos.gamedata: Loading missileGuidanceComputerBonus4 (Effect6135)
[2024-03-28 22:18:58.113681] DEBUG: eos.gamedata: Loading overloadSelfMissileGuidanceBonus5 (Effect6144)
[2024-03-28 22:18:58.114679] DEBUG: eos.gamedata: Loading scriptSensorBoosterScanResolutionBonusBonus (Effect3597)
[2024-03-28 22:18:58.114679] DEBUG: eos.gamedata: Loading scriptSensorBoosterMaxTargetRangeBonusBonus (Effect3598)
[2024-03-28 22:18:58.114679] DEBUG: eos.gamedata: Loading scriptSensorBoosterSensorStrengthBonusBonus (Effect6488)
[2024-03-28 22:18:58.114679] DEBUG: eos.gamedata: Loading sensorBoosterActivePercentage (Effect2670)
[2024-03-28 22:18:58.114679] DEBUG: eos.gamedata: Loading overloadSelfSensorModuleBonus (Effect5757)
[2024-03-28 22:18:58.115676] DEBUG: eos.gamedata: Loading missileLaunching (Effect9)
[2024-03-28 22:18:58.115676] ERROR: eos.gamedata: AttributeError generating handler: module 'eos.effects' has no attribute 'Effect9'
[2024-03-28 22:18:58.115676] DEBUG: eos.gamedata: Loading hiPower (Effect12)
[2024-03-28 22:18:58.115676] ERROR: eos.gamedata: AttributeError generating handler: module 'eos.effects' has no attribute 'Effect12'
[2024-03-28 22:18:58.115676] DEBUG: eos.gamedata: Loading launcherFitted (Effect40)
[2024-03-28 22:18:58.115676] ERROR: eos.gamedata: AttributeError generating handler: module 'eos.effects' has no attribute 'Effect40'
[2024-03-28 22:18:58.116673] DEBUG: eos.gamedata: Loading useMissiles (Effect101)
[2024-03-28 22:18:58.116673] DEBUG: eos.gamedata: Loading overloadRofBonus (Effect3001)
[2024-03-28 22:18:58.116673] DEBUG: eos.gamedata: Loading probeLaunching (Effect3793)
[2024-03-28 22:18:58.116673] ERROR: eos.gamedata: AttributeError generating handler: module 'eos.effects' has no attribute 'Effect3793'
[2024-03-28 22:18:58.116673] DEBUG: eos.gamedata: Loading rigSlot (Effect2663)
[2024-03-28 22:18:58.116673] ERROR: eos.gamedata: AttributeError generating handler: module 'eos.effects' has no attribute 'Effect2663'
[2024-03-28 22:18:58.116673] DEBUG: eos.gamedata: Loading drawbackCPUNeedLaunchers (Effect2714)
[2024-03-28 22:18:58.116673] DEBUG: eos.gamedata: Loading missileLauncherSpeedMultiplierPassive (Effect2799)
[2024-03-28 22:18:58.313149] DEBUG: eos.saveddata.fit: Done with fit calculation
[2024-03-28 22:18:58.313149] INFO: service.fit: ==========recalc time: 0.5535211563110352==========
[2024-03-28 22:18:58.314146] DEBUG: service.fit: Check states for fit ID: Subrat Abyssette 70km Alpha+400kSP 15m (Corax)
[2024-03-28 22:18:58.320130] DEBUG: service.fit: Switching fit to fit ID: 17
[2024-03-28 22:18:58.348055] DEBUG: service.price: Initialize PriceWorkerThread.
[2024-03-28 22:19:05.254811] DEBUG: gui.builtinViews.fittingView: ====== Fit Selected: <gui.builtinViews.fittingView.FittingView object at 0x000001F3C8F1E0E0>True
[2024-03-28 22:19:05.258833] INFO: service.fit: ==========recalc: Subrat Abyssette 70km Alpha+400kSP 15m==========
[2024-03-28 22:19:05.272800] INFO: eos.saveddata.fit: Starting fit calculation on: Fit(ID=9, ship=Corax, name=Subrat Abyssette 70km Alpha+400kSP 15m) at 0x1f3ca652190, calc: LOCAL
[2024-03-28 22:19:05.274791] INFO: eos.saveddata.fit: Fit is not yet calculated; will be running local calcs for Fit(ID=9, ship=Corax, name=Subrat Abyssette 70km Alpha+400kSP 15m) at 0x1f3ca652190
[2024-03-28 22:19:05.299723] DEBUG: eos.saveddata.fit: Running self-projection for Fit(ID=9, ship=Corax, name=Subrat Abyssette 70km Alpha+400kSP 15m) at 0x1f3ca652190
[2024-03-28 22:19:05.300721] DEBUG: eos.saveddata.fit: Done with fit calculation
[2024-03-28 22:19:05.300721] INFO: service.fit: ==========recalc time: 0.04188799858093262==========
[2024-03-28 22:19:05.300721] DEBUG: service.fit: Check states for fit ID: Subrat Abyssette 70km Alpha+400kSP 15m (Corax)
[2024-03-28 22:19:05.301718] DEBUG: service.fit: Switching fit to fit ID: 9
[2024-03-28 22:19:08.302816] DEBUG: gui.builtinViews.fittingView: ====== Fit Selected: <gui.builtinViews.fittingView.FittingView object at 0x000001F3C8F1E0E0>True
[2024-03-28 22:19:08.307837] INFO: service.fit: ==========recalc: Subrat 80C Explorer==========
[2024-03-28 22:19:08.324792] INFO: eos.saveddata.fit: Starting fit calculation on: Fit(ID=11, ship=Corax, name=Subrat 80C Explorer) at 0x1f3ca6bd950, calc: LOCAL
[2024-03-28 22:19:08.326786] INFO: eos.saveddata.fit: Fit is not yet calculated; will be running local calcs for Fit(ID=11, ship=Corax, name=Subrat 80C Explorer) at 0x1f3ca6bd950
[2024-03-28 22:19:08.349728] DEBUG: eos.saveddata.fit: Done with fit calculation
[2024-03-28 22:19:08.349728] INFO: service.fit: ==========recalc time: 0.04189133644104004==========
[2024-03-28 22:19:08.349728] DEBUG: service.fit: Check states for fit ID: Subrat 80C Explorer (Corax)
[2024-03-28 22:19:08.350723] DEBUG: service.fit: Switching fit to fit ID: 11
[2024-03-28 22:19:09.686907] DEBUG: gui.builtinViews.fittingView: ====== Fit Selected: <gui.builtinViews.fittingView.FittingView object at 0x000001F3C8F1E0E0>True
[2024-03-28 22:19:09.691932] INFO: service.fit: ==========recalc: Corax 0/Ebyss 3m==========
[2024-03-28 22:19:09.718857] INFO: eos.saveddata.fit: Starting fit calculation on: Fit(ID=21, ship=Corax, name=Corax 0/Ebyss 3m) at 0x1f3c7db2810, calc: LOCAL
[2024-03-28 22:19:09.719854] INFO: eos.saveddata.fit: Fit is not yet calculated; will be running local calcs for Fit(ID=21, ship=Corax, name=Corax 0/Ebyss 3m) at 0x1f3c7db2810
[2024-03-28 22:19:09.720851] DEBUG: eos.gamedata: Loading shieldCapacityBonusOnline (Effect21)
[2024-03-28 22:19:09.720851] DEBUG: eos.gamedata: Loading addToSignatureRadius2 (Effect2029)
[2024-03-28 22:19:09.720851] DEBUG: eos.gamedata: Loading modifyShieldResonancePostPercent (Effect2052)
[2024-03-28 22:19:09.720851] DEBUG: eos.gamedata: Loading overloadSelfRangeBonus (Effect3174)
[2024-03-28 22:19:09.720851] DEBUG: eos.gamedata: Loading remoteWebifierFalloff (Effect6426)
[2024-03-28 22:19:09.721849] DEBUG: eos.gamedata: Loading shieldBoosting (Effect4)
[2024-03-28 22:19:09.721849] DEBUG: eos.gamedata: Loading overloadSelfShieldBonusDurationBonus (Effect3201)
[2024-03-28 22:19:09.721849] DEBUG: eos.gamedata: Loading drawbackSigRad (Effect2716)
[2024-03-28 22:19:09.721849] DEBUG: eos.gamedata: Loading modifyShieldResonancePostPercentPassive (Effect2795)
[2024-03-28 22:19:09.740798] DEBUG: eos.saveddata.fit: Done with fit calculation
[2024-03-28 22:19:09.740798] INFO: service.fit: ==========recalc time: 0.048865556716918945==========
[2024-03-28 22:19:09.740798] DEBUG: service.fit: Check states for fit ID: Corax 0/Ebyss 3m (Corax)
[2024-03-28 22:19:09.741796] DEBUG: service.fit: Switching fit to fit ID: 21
[2024-03-28 22:19:20.559850] DEBUG: service.fit: Changing character (4) for fit ID: 21
[2024-03-28 22:19:20.565834] INFO: service.fit: ==========recalc: Corax 0/Ebyss 3m==========
[2024-03-28 22:19:20.566833] INFO: eos.saveddata.fit: Starting fit calculation on: Fit(ID=21, ship=Corax, name=Corax 0/Ebyss 3m) at 0x1f3c7db2810, calc: LOCAL
[2024-03-28 22:19:20.566833] INFO: eos.saveddata.fit: Fit is not yet calculated; will be running local calcs for Fit(ID=21, ship=Corax, name=Corax 0/Ebyss 3m) at 0x1f3c7db2810
[2024-03-28 22:19:20.587777] DEBUG: eos.saveddata.fit: Done with fit calculation
[2024-03-28 22:19:20.587777] INFO: service.fit: ==========recalc time: 0.02194356918334961==========
[2024-03-28 22:19:25.816742] DEBUG: service.fit: Changing character (5) for fit ID: 21
[2024-03-28 22:19:25.822728] INFO: service.fit: ==========recalc: Corax 0/Ebyss 3m==========
[2024-03-28 22:19:25.824721] INFO: eos.saveddata.fit: Starting fit calculation on: Fit(ID=21, ship=Corax, name=Corax 0/Ebyss 3m) at 0x1f3c7db2810, calc: LOCAL
[2024-03-28 22:19:25.824721] INFO: eos.saveddata.fit: Fit is not yet calculated; will be running local calcs for Fit(ID=21, ship=Corax, name=Corax 0/Ebyss 3m) at 0x1f3c7db2810
[2024-03-28 22:19:25.847659] DEBUG: eos.saveddata.fit: Done with fit calculation
[2024-03-28 22:19:25.847659] INFO: service.fit: ==========recalc time: 0.02493143081665039==========
[2024-03-28 22:19:28.415872] DEBUG: service.fit: Changing character (6) for fit ID: 21
[2024-03-28 22:19:28.421851] INFO: service.fit: ==========recalc: Corax 0/Ebyss 3m==========
[2024-03-28 22:19:28.421851] INFO: eos.saveddata.fit: Starting fit calculation on: Fit(ID=21, ship=Corax, name=Corax 0/Ebyss 3m) at 0x1f3c7db2810, calc: LOCAL
[2024-03-28 22:19:28.421851] INFO: eos.saveddata.fit: Fit is not yet calculated; will be running local calcs for Fit(ID=21, ship=Corax, name=Corax 0/Ebyss 3m) at 0x1f3c7db2810
[2024-03-28 22:19:28.442796] DEBUG: eos.saveddata.fit: Done with fit calculation
[2024-03-28 22:19:28.442796] INFO: service.fit: ==========recalc time: 0.02094435691833496==========
[2024-03-28 22:19:41.415861] DEBUG: service.fit: Changing character (3) for fit ID: 21
[2024-03-28 22:19:41.421872] INFO: service.fit: ==========recalc: Corax 0/Ebyss 3m==========
[2024-03-28 22:19:41.421872] INFO: eos.saveddata.fit: Starting fit calculation on: Fit(ID=21, ship=Corax, name=Corax 0/Ebyss 3m) at 0x1f3c7db2810, calc: LOCAL
[2024-03-28 22:19:41.421872] INFO: eos.saveddata.fit: Fit is not yet calculated; will be running local calcs for Fit(ID=21, ship=Corax, name=Corax 0/Ebyss 3m) at 0x1f3c7db2810
[2024-03-28 22:19:41.442819] DEBUG: eos.saveddata.fit: Done with fit calculation
[2024-03-28 22:19:41.442819] INFO: service.fit: ==========recalc time: 0.02094721794128418==========
[2024-03-28 22:19:47.183895] DEBUG: service.fit: Changing character (8) for fit ID: 21
[2024-03-28 22:19:47.183895] INFO: service.fit: ==========recalc: Corax 0/Ebyss 3m==========
[2024-03-28 22:19:47.183895] INFO: eos.saveddata.fit: Starting fit calculation on: Fit(ID=21, ship=Corax, name=Corax 0/Ebyss 3m) at 0x1f3c7db2810, calc: LOCAL
[2024-03-28 22:19:47.184920] INFO: eos.saveddata.fit: Fit is not yet calculated; will be running local calcs for Fit(ID=21, ship=Corax, name=Corax 0/Ebyss 3m) at 0x1f3c7db2810
[2024-03-28 22:19:47.201874] DEBUG: eos.saveddata.fit: Done with fit calculation
[2024-03-28 22:19:47.201874] INFO: service.fit: ==========recalc time: 0.01797938346862793==========
[2024-03-28 22:19:50.279909] DEBUG: service.fit: Changing character (7) for fit ID: 21
[2024-03-28 22:19:50.285891] INFO: service.fit: ==========recalc: Corax 0/Ebyss 3m==========
[2024-03-28 22:19:50.285891] INFO: eos.saveddata.fit: Starting fit calculation on: Fit(ID=21, ship=Corax, name=Corax 0/Ebyss 3m) at 0x1f3c7db2810, calc: LOCAL
[2024-03-28 22:19:50.286890] INFO: eos.saveddata.fit: Fit is not yet calculated; will be running local calcs for Fit(ID=21, ship=Corax, name=Corax 0/Ebyss 3m) at 0x1f3c7db2810
[2024-03-28 22:19:50.306835] DEBUG: eos.saveddata.fit: Done with fit calculation
[2024-03-28 22:19:50.306835] INFO: service.fit: ==========recalc time: 0.020943880081176758==========
[2024-03-28 22:19:56.199912] DEBUG: service.fit: Changing character (8) for fit ID: 21
[2024-03-28 22:19:56.199912] INFO: service.fit: ==========recalc: Corax 0/Ebyss 3m==========
[2024-03-28 22:19:56.199912] INFO: eos.saveddata.fit: Starting fit calculation on: Fit(ID=21, ship=Corax, name=Corax 0/Ebyss 3m) at 0x1f3c7db2810, calc: LOCAL
[2024-03-28 22:19:56.200937] INFO: eos.saveddata.fit: Fit is not yet calculated; will be running local calcs for Fit(ID=21, ship=Corax, name=Corax 0/Ebyss 3m) at 0x1f3c7db2810
[2024-03-28 22:19:56.217892] DEBUG: eos.saveddata.fit: Done with fit calculation
[2024-03-28 22:19:56.217892] INFO: service.fit: ==========recalc time: 0.017979860305786133==========
[2024-03-28 22:20:14.840363] DEBUG: gui.fitCommands.calc.projectedFit.add: Doing addition of projected fit 21 for fit 21
[2024-03-28 22:20:14.848227] INFO: service.fit: ==========recalc: Corax 0/Ebyss 3m==========
[2024-03-28 22:20:14.851220] INFO: eos.saveddata.fit: Starting fit calculation on: Fit(ID=21, ship=Corax, name=Corax 0/Ebyss 3m) at 0x1f3c7db2810, calc: LOCAL
[2024-03-28 22:20:14.852216] INFO: eos.saveddata.fit: Fit is not yet calculated; will be running local calcs for Fit(ID=21, ship=Corax, name=Corax 0/Ebyss 3m) at 0x1f3c7db2810
[2024-03-28 22:20:14.870171] DEBUG: eos.saveddata.fit: Running self-projection for Fit(ID=21, ship=Corax, name=Corax 0/Ebyss 3m) at 0x1f3c7db2810
[2024-03-28 22:20:14.871166] DEBUG: eos.saveddata.fit: Done with fit calculation
[2024-03-28 22:20:14.871166] INFO: service.fit: ==========recalc time: 0.022938966751098633==========
[2024-03-28 22:20:14.871166] DEBUG: service.fit: Check states for fit ID: Corax 0/Ebyss 3m (Corax)
[2024-03-28 22:20:14.872165] INFO: service.fit: ==========recalc: Corax 0/Ebyss 3m==========
[2024-03-28 22:20:14.873160] INFO: eos.saveddata.fit: Starting fit calculation on: Fit(ID=21, ship=Corax, name=Corax 0/Ebyss 3m) at 0x1f3c7db2810, calc: LOCAL
[2024-03-28 22:20:14.873160] INFO: eos.saveddata.fit: Fit is not yet calculated; will be running local calcs for Fit(ID=21, ship=Corax, name=Corax 0/Ebyss 3m) at 0x1f3c7db2810
[2024-03-28 22:20:14.890115] DEBUG: eos.saveddata.fit: Running self-projection for Fit(ID=21, ship=Corax, name=Corax 0/Ebyss 3m) at 0x1f3c7db2810
[2024-03-28 22:20:14.890115] DEBUG: eos.saveddata.fit: Done with fit calculation
[2024-03-28 22:20:14.890115] INFO: service.fit: ==========recalc time: 0.017949342727661133==========
[2024-03-28 22:20:23.416007] DEBUG: gui.fitCommands.calc.projectedFit.remove: Doing removal of projected fit 21 for fit 21
[2024-03-28 22:20:23.417000] INFO: service.fit: ==========recalc: Corax 0/Ebyss 3m==========
[2024-03-28 22:20:23.417997] INFO: eos.saveddata.fit: Starting fit calculation on: Fit(ID=21, ship=Corax, name=Corax 0/Ebyss 3m) at 0x1f3c7db2810, calc: LOCAL
[2024-03-28 22:20:23.417997] INFO: eos.saveddata.fit: Fit is not yet calculated; will be running local calcs for Fit(ID=21, ship=Corax, name=Corax 0/Ebyss 3m) at 0x1f3c7db2810
[2024-03-28 22:20:23.436939] DEBUG: eos.saveddata.fit: Done with fit calculation
[2024-03-28 22:20:23.436939] INFO: service.fit: ==========recalc time: 0.019939422607421875==========
[2024-03-28 22:20:23.436939] DEBUG: service.fit: Check states for fit ID: Corax 0/Ebyss 3m (Corax)
[2024-03-28 22:20:47.847122] DEBUG: gui.builtinViews.fittingView: ====== Fit Selected: <gui.builtinViews.fittingView.FittingView object at 0x000001F3C8F1E0E0>True
[2024-03-28 22:20:47.848152] DEBUG: service.fit: Switching fit to fit ID: 11
[2024-03-28 22:20:49.727011] DEBUG: gui.builtinViews.fittingView: ====== Fit Selected: <gui.builtinViews.fittingView.FittingView object at 0x000001F3C8F1E0E0>True
[2024-03-28 22:20:49.729038] DEBUG: service.fit: Switching fit to fit ID: 9
[2024-03-28 22:20:51.471014] DEBUG: gui.builtinViews.fittingView: ====== Fit Selected: <gui.builtinViews.fittingView.FittingView object at 0x000001F3C8F1E0E0>True
[2024-03-28 22:20:51.472018] DEBUG: service.fit: Switching fit to fit ID: 17
[2024-03-28 22:20:54.871109] DEBUG: gui.builtinViews.fittingView: ====== Fit Selected: <gui.builtinViews.fittingView.FittingView object at 0x000001F3C8F1E0E0>True
[2024-03-28 22:20:54.873136] DEBUG: service.fit: Switching fit to fit ID: 11
[2024-03-28 22:23:05.699176] DEBUG: service.fit: Getting count of all fits for: 16236
[2024-03-28 22:23:05.703166] DEBUG: service.fit: Getting count of all fits for: 73789
[2024-03-28 22:23:05.706157] DEBUG: service.fit: Getting count of all fits for: 32874
[2024-03-28 22:23:05.708152] DEBUG: service.fit: Getting count of all fits for: 32876
[2024-03-28 22:23:05.710147] DEBUG: service.fit: Getting count of all fits for: 16238
[2024-03-28 22:23:05.712140] DEBUG: service.fit: Getting count of all fits for: 73795
[2024-03-28 22:23:05.714136] DEBUG: service.fit: Getting count of all fits for: 32872
[2024-03-28 22:23:05.716131] DEBUG: service.fit: Getting count of all fits for: 16240
[2024-03-28 22:23:05.718125] DEBUG: service.fit: Getting count of all fits for: 73796
[2024-03-28 22:23:05.720121] DEBUG: service.fit: Getting count of all fits for: 32878
[2024-03-28 22:23:05.722115] DEBUG: service.fit: Getting count of all fits for: 16242
[2024-03-28 22:23:05.724108] DEBUG: service.fit: Getting count of all fits for: 73794
[2024-03-28 22:23:05.726103] DEBUG: service.fit: Getting count of all fits for: 78333
[2024-03-28 22:23:05.728099] DEBUG: service.fit: Getting count of all fits for: 78367
[2024-03-28 22:23:05.730093] DEBUG: service.fit: Getting count of all fits for: 42685
[2024-03-28 22:23:05.732087] DEBUG: service.fit: Getting count of all fits for: 49710
[2024-03-28 22:23:06.865228] DEBUG: gui.shipBrowser: Populate ship category list.
[2024-03-28 22:23:13.534136] DEBUG: service.fit: Getting count of all fits for: 2161
[2024-03-28 22:23:13.544148] DEBUG: service.fit: Getting count of all fits for: 37453
[2024-03-28 22:23:13.552127] DEBUG: service.fit: Getting count of all fits for: 589
[2024-03-28 22:23:13.561103] DEBUG: service.fit: Getting count of all fits for: 17703
[2024-03-28 22:23:13.568084] DEBUG: service.fit: Getting count of all fits for: 590
[2024-03-28 22:23:13.577165] DEBUG: service.fit: Getting count of all fits for: 29248
[2024-03-28 22:23:13.585144] DEBUG: service.fit: Getting count of all fits for: 72907
[2024-03-28 22:23:13.593163] DEBUG: service.fit: Getting count of all fits for: 597
[2024-03-28 22:23:13.601141] DEBUG: service.fit: Getting count of all fits for: 591
[2024-03-28 22:23:13.609120] DEBUG: service.fit: Getting count of all fits for: 582
[2024-03-28 22:23:13.616101] DEBUG: service.fit: Getting count of all fits for: 17619
[2024-03-28 22:23:13.624080] DEBUG: service.fit: Getting count of all fits for: 583
[2024-03-28 22:23:13.632059] DEBUG: service.fit: Getting count of all fits for: 584
[2024-03-28 22:23:13.640037] DEBUG: service.fit: Getting count of all fits for: 37455
[2024-03-28 22:23:13.648016] DEBUG: service.fit: Getting count of all fits for: 605
[2024-03-28 22:23:13.658038] DEBUG: service.fit: Getting count of all fits for: 72904
[2024-03-28 22:23:13.666016] DEBUG: service.fit: Getting count of all fits for: 602
[2024-03-28 22:23:13.674043] DEBUG: service.fit: Getting count of all fits for: 603
[2024-03-28 22:23:13.682176] DEBUG: service.fit: Getting count of all fits for: 608
[2024-03-28 22:23:13.690039] DEBUG: service.fit: Getting count of all fits for: 17841
[2024-03-28 22:23:13.700014] DEBUG: service.fit: Getting count of all fits for: 607
[2024-03-28 22:23:13.706998] DEBUG: service.fit: Getting count of all fits for: 72913
[2024-03-28 22:23:13.714975] DEBUG: service.fit: Getting count of all fits for: 594
[2024-03-28 22:23:13.722952] DEBUG: service.fit: Getting count of all fits for: 609
[2024-03-28 22:23:13.731171] DEBUG: service.fit: Getting count of all fits for: 37456
[2024-03-28 22:23:13.740166] DEBUG: service.fit: Getting count of all fits for: 592
[2024-03-28 22:23:13.748144] DEBUG: service.fit: Getting count of all fits for: 593
[2024-03-28 22:23:13.755126] DEBUG: service.fit: Getting count of all fits for: 598
[2024-03-28 22:23:13.763104] DEBUG: service.fit: Getting count of all fits for: 599
[2024-03-28 22:23:13.772080] DEBUG: service.fit: Getting count of all fits for: 586
[2024-03-28 22:23:13.780059] DEBUG: service.fit: Getting count of all fits for: 72903
[2024-03-28 22:23:13.788038] DEBUG: service.fit: Getting count of all fits for: 17812
[2024-03-28 22:23:13.796017] DEBUG: service.fit: Getting count of all fits for: 587
[2024-03-28 22:23:13.803994] DEBUG: service.fit: Getting count of all fits for: 585
[2024-03-28 22:23:13.811974] DEBUG: service.fit: Getting count of all fits for: 3766
[2024-03-28 22:23:13.818956] DEBUG: service.fit: Getting count of all fits for: 37454
[2024-03-28 22:23:13.827133] DEBUG: service.fit: Getting count of all fits for: 33468
[2024-03-28 22:23:13.835113] DEBUG: service.fit: Getting count of all fits for: 32880
[2024-03-28 22:23:13.844089] DEBUG: service.fit: Getting count of all fits for: 17928
[2024-03-28 22:23:13.852174] DEBUG: service.fit: Getting count of all fits for: 17932
[2024-03-28 22:23:13.860152] DEBUG: service.fit: Getting count of all fits for: 17926
[2024-03-28 22:23:13.868131] DEBUG: service.fit: Getting count of all fits for: 17924
[2024-03-28 22:23:13.876109] DEBUG: service.fit: Getting count of all fits for: 17930
[2024-03-28 22:23:13.884089] DEBUG: service.fit: Getting count of all fits for: 33816
[2024-03-28 22:23:13.892149] DEBUG: service.fit: Getting count of all fits for: 47269
[2024-03-28 22:23:13.900164] DEBUG: service.fit: Getting count of all fits for: 54731
[2024-03-28 22:23:18.371879] DEBUG: service.fit: Getting count of all fits for: 2161
[2024-03-28 22:23:18.371879] DEBUG: service.fit: Getting count of all fits for: 37453
[2024-03-28 22:23:18.372876] DEBUG: service.fit: Getting count of all fits for: 589
[2024-03-28 22:23:18.373874] DEBUG: service.fit: Getting count of all fits for: 17703
[2024-03-28 22:23:18.373874] DEBUG: service.fit: Getting count of all fits for: 590
[2024-03-28 22:23:18.374871] DEBUG: service.fit: Getting count of all fits for: 29248
[2024-03-28 22:23:18.375868] DEBUG: service.fit: Getting count of all fits for: 72907
[2024-03-28 22:23:18.375868] DEBUG: service.fit: Getting count of all fits for: 597
[2024-03-28 22:23:18.376865] DEBUG: service.fit: Getting count of all fits for: 591
[2024-03-28 22:23:18.376865] DEBUG: service.fit: Getting count of all fits for: 582
[2024-03-28 22:23:18.377863] DEBUG: service.fit: Getting count of all fits for: 17619
[2024-03-28 22:23:18.379859] DEBUG: service.fit: Getting count of all fits for: 583
[2024-03-28 22:23:18.380856] DEBUG: service.fit: Getting count of all fits for: 584
[2024-03-28 22:23:18.381881] DEBUG: service.fit: Getting count of all fits for: 37455
[2024-03-28 22:23:18.381881] DEBUG: service.fit: Getting count of all fits for: 605
[2024-03-28 22:23:18.382878] DEBUG: service.fit: Getting count of all fits for: 72904
[2024-03-28 22:23:18.383848] DEBUG: service.fit: Getting count of all fits for: 602
[2024-03-28 22:23:18.383848] DEBUG: service.fit: Getting count of all fits for: 603
[2024-03-28 22:23:18.387166] DEBUG: service.fit: Getting count of all fits for: 608
[2024-03-28 22:23:18.388166] DEBUG: service.fit: Getting count of all fits for: 17841
[2024-03-28 22:23:18.388166] DEBUG: service.fit: Getting count of all fits for: 607
[2024-03-28 22:23:18.389163] DEBUG: service.fit: Getting count of all fits for: 72913
[2024-03-28 22:23:18.389163] DEBUG: service.fit: Getting count of all fits for: 594
[2024-03-28 22:23:18.390190] DEBUG: service.fit: Getting count of all fits for: 609
[2024-03-28 22:23:18.391186] DEBUG: service.fit: Getting count of all fits for: 37456
[2024-03-28 22:23:18.391186] DEBUG: service.fit: Getting count of all fits for: 592
[2024-03-28 22:23:18.392185] DEBUG: service.fit: Getting count of all fits for: 593
[2024-03-28 22:23:18.394850] DEBUG: service.fit: Getting count of all fits for: 598
[2024-03-28 22:23:18.395843] DEBUG: service.fit: Getting count of all fits for: 599
[2024-03-28 22:23:18.396843] DEBUG: service.fit: Getting count of all fits for: 586
[2024-03-28 22:23:18.396843] DEBUG: service.fit: Getting count of all fits for: 72903
[2024-03-28 22:23:18.397841] DEBUG: service.fit: Getting count of all fits for: 17812
[2024-03-28 22:23:18.397841] DEBUG: service.fit: Getting count of all fits for: 587
[2024-03-28 22:23:18.398837] DEBUG: service.fit: Getting count of all fits for: 585
[2024-03-28 22:23:18.399835] DEBUG: service.fit: Getting count of all fits for: 3766
[2024-03-28 22:23:18.399835] DEBUG: service.fit: Getting count of all fits for: 37454
[2024-03-28 22:23:18.400861] DEBUG: service.fit: Getting count of all fits for: 33468
[2024-03-28 22:23:18.400861] DEBUG: service.fit: Getting count of all fits for: 32880
[2024-03-28 22:23:18.401861] DEBUG: service.fit: Getting count of all fits for: 17928
[2024-03-28 22:23:18.402856] DEBUG: service.fit: Getting count of all fits for: 17932
[2024-03-28 22:23:18.402919] DEBUG: service.fit: Getting count of all fits for: 17926
[2024-03-28 22:23:18.403883] DEBUG: service.fit: Getting count of all fits for: 17924
[2024-03-28 22:23:18.403883] DEBUG: service.fit: Getting count of all fits for: 17930
[2024-03-28 22:23:18.404881] DEBUG: service.fit: Getting count of all fits for: 33816
[2024-03-28 22:23:18.405878] DEBUG: service.fit: Getting count of all fits for: 47269
[2024-03-28 22:23:18.405878] DEBUG: service.fit: Getting count of all fits for: 54731
[2024-03-28 22:23:20.832179] DEBUG: service.fit: Fetching all fits for ship ID: 593
[2024-03-28 22:23:25.551252] DEBUG: gui.builtinViews.fittingView: ====== Fit Selected: <gui.builtinViews.fittingView.FittingView object at 0x000001F3C8F1E0E0>True
[2024-03-28 22:23:25.554236] INFO: service.fit: ==========recalc: Trista EM BlasterDrone 8m==========
[2024-03-28 22:23:25.584156] INFO: eos.saveddata.fit: Starting fit calculation on: Fit(ID=25, ship=Tristan, name=Trista EM BlasterDrone 8m) at 0x1f3ca33a350, calc: LOCAL
[2024-03-28 22:23:25.585153] INFO: eos.saveddata.fit: Fit is not yet calculated; will be running local calcs for Fit(ID=25, ship=Tristan, name=Trista EM BlasterDrone 8m) at 0x1f3ca33a350
[2024-03-28 22:23:25.587148] DEBUG: eos.gamedata: Loading shipBonusHybridTrackingGF2 (Effect2504)
[2024-03-28 22:23:25.587148] DEBUG: eos.gamedata: Loading shipBonusDroneHitpointsGF (Effect5087)
[2024-03-28 22:23:25.587148] DEBUG: eos.gamedata: Loading shipBonusDroneTrackingGF (Effect5111)
[2024-03-28 22:23:25.587148] DEBUG: eos.gamedata: Loading targetAttack (Effect10)
[2024-03-28 22:23:25.587148] DEBUG: eos.gamedata: Loading moduleBonusDroneDamageAmplifier (Effect6556)
[2024-03-28 22:23:25.588145] DEBUG: eos.gamedata: Loading ammoInfluenceRange (Effect596)
[2024-03-28 22:23:25.588145] DEBUG: eos.gamedata: Loading ammoInfluenceCapNeed (Effect804)
[2024-03-28 22:23:25.588145] DEBUG: eos.gamedata: Loading projectileFired (Effect34)
[2024-03-28 22:23:25.588145] DEBUG: eos.gamedata: Loading turretFitted (Effect42)
[2024-03-28 22:23:25.588145] ERROR: eos.gamedata: AttributeError generating handler: module 'eos.effects' has no attribute 'Effect42'
[2024-03-28 22:23:25.588145] DEBUG: eos.gamedata: Loading overloadSelfDamageBonus (Effect3025)
[2024-03-28 22:23:25.588145] DEBUG: eos.gamedata: Loading modifyShieldRechargeRatePassive (Effect4911)
[2024-03-28 22:23:25.603171] DEBUG: eos.saveddata.fit: Done with fit calculation
[2024-03-28 22:23:25.603171] INFO: service.fit: ==========recalc time: 0.0489351749420166==========
[2024-03-28 22:23:25.603171] DEBUG: service.fit: Check states for fit ID: Trista EM BlasterDrone 8m (Tristan)
[2024-03-28 22:23:25.605104] DEBUG: service.fit: Switching fit to fit ID: 25
[2024-03-28 22:23:33.472092] DEBUG: gui.builtinViews.fittingView: ====== Fit Selected: <gui.builtinViews.fittingView.FittingView object at 0x000001F3C8F1E0E0>True
[2024-03-28 22:23:33.476083] INFO: service.fit: ==========recalc: Trista BlasterDrone 7m==========
[2024-03-28 22:23:33.492040] INFO: eos.saveddata.fit: Starting fit calculation on: Fit(ID=26, ship=Tristan, name=Trista BlasterDrone 7m) at 0x1f3ca3f9990, calc: LOCAL
[2024-03-28 22:23:33.493037] INFO: eos.saveddata.fit: Fit is not yet calculated; will be running local calcs for Fit(ID=26, ship=Tristan, name=Trista BlasterDrone 7m) at 0x1f3ca3f9990
[2024-03-28 22:23:33.507997] DEBUG: eos.saveddata.fit: Done with fit calculation
[2024-03-28 22:23:33.508995] INFO: service.fit: ==========recalc time: 0.03291201591491699==========
[2024-03-28 22:23:33.508995] DEBUG: service.fit: Check states for fit ID: Trista BlasterDrone 7m (Tristan)
[2024-03-28 22:23:33.509992] DEBUG: service.fit: Switching fit to fit ID: 26
[2024-03-28 22:23:35.151387] DEBUG: gui.builtinViews.fittingView: ====== Fit Selected: <gui.builtinViews.fittingView.FittingView object at 0x000001F3C8F1E0E0>True
[2024-03-28 22:23:35.156270] INFO: service.fit: ==========recalc: Trista RDrone 75km 8m==========
[2024-03-28 22:23:35.179238] INFO: eos.saveddata.fit: Starting fit calculation on: Fit(ID=28, ship=Tristan, name=Trista RDrone 75km 8m) at 0x1f3ca3f7750, calc: LOCAL
[2024-03-28 22:23:35.180233] INFO: eos.saveddata.fit: Fit is not yet calculated; will be running local calcs for Fit(ID=28, ship=Tristan, name=Trista RDrone 75km 8m) at 0x1f3ca3f7750
[2024-03-28 22:23:35.181231] DEBUG: eos.gamedata: Loading cpuMultiplierPostMulCpuOutputShip (Effect536)
[2024-03-28 22:23:35.181231] DEBUG: eos.gamedata: Loading moduleBonusAfterburner (Effect6731)
[2024-03-28 22:23:35.181231] DEBUG: eos.gamedata: Loading droneRangeBonusAdd (Effect2000)
[2024-03-28 22:23:35.181231] DEBUG: eos.gamedata: Loading drawbackCPUOutput (Effect2713)
[2024-03-28 22:23:35.197189] DEBUG: eos.saveddata.fit: Done with fit calculation
[2024-03-28 22:23:35.197189] INFO: service.fit: ==========recalc time: 0.04091906547546387==========
[2024-03-28 22:23:35.197189] DEBUG: service.fit: Check states for fit ID: Trista RDrone 75km 8m (Tristan)
[2024-03-28 22:23:35.199184] DEBUG: service.fit: Switching fit to fit ID: 28
[2024-03-28 22:23:50.072178] DEBUG: service.fit: Changing character (8) for fit ID: 28
[2024-03-28 22:23:50.072178] INFO: service.fit: ==========recalc: Trista RDrone 75km 8m==========
[2024-03-28 22:23:50.072178] INFO: eos.saveddata.fit: Starting fit calculation on: Fit(ID=28, ship=Tristan, name=Trista RDrone 75km 8m) at 0x1f3ca3f7750, calc: LOCAL
[2024-03-28 22:23:50.073206] INFO: eos.saveddata.fit: Fit is not yet calculated; will be running local calcs for Fit(ID=28, ship=Tristan, name=Trista RDrone 75km 8m) at 0x1f3ca3f7750
[2024-03-28 22:23:50.089164] DEBUG: eos.saveddata.fit: Done with fit calculation
[2024-03-28 22:23:50.089164] INFO: service.fit: ==========recalc time: 0.016985177993774414==========
[2024-03-28 22:23:52.040186] DEBUG: service.fit: Changing character (7) for fit ID: 28
[2024-03-28 22:23:52.046170] INFO: service.fit: ==========recalc: Trista RDrone 75km 8m==========
[2024-03-28 22:23:52.047171] INFO: eos.saveddata.fit: Starting fit calculation on: Fit(ID=28, ship=Tristan, name=Trista RDrone 75km 8m) at 0x1f3ca3f7750, calc: LOCAL
[2024-03-28 22:23:52.047171] INFO: eos.saveddata.fit: Fit is not yet calculated; will be running local calcs for Fit(ID=28, ship=Tristan, name=Trista RDrone 75km 8m) at 0x1f3ca3f7750
[2024-03-28 22:23:52.066116] DEBUG: eos.saveddata.fit: Done with fit calculation
[2024-03-28 22:23:52.067113] INFO: service.fit: ==========recalc time: 0.020943641662597656==========
[2024-03-28 22:23:55.472503] DEBUG: service.fit: Changing character (5) for fit ID: 28
[2024-03-28 22:23:55.478487] INFO: service.fit: ==========recalc: Trista RDrone 75km 8m==========
[2024-03-28 22:23:55.478487] INFO: eos.saveddata.fit: Starting fit calculation on: Fit(ID=28, ship=Tristan, name=Trista RDrone 75km 8m) at 0x1f3ca3f7750, calc: LOCAL
[2024-03-28 22:23:55.478487] INFO: eos.saveddata.fit: Fit is not yet calculated; will be running local calcs for Fit(ID=28, ship=Tristan, name=Trista RDrone 75km 8m) at 0x1f3ca3f7750
[2024-03-28 22:23:55.498433] DEBUG: eos.saveddata.fit: Done with fit calculation
[2024-03-28 22:23:55.498433] INFO: service.fit: ==========recalc time: 0.019946575164794922==========
[2024-03-28 22:23:58.320188] DEBUG: service.fit: Changing character (4) for fit ID: 28
[2024-03-28 22:23:58.326170] INFO: service.fit: ==========recalc: Trista RDrone 75km 8m==========
[2024-03-28 22:23:58.327166] INFO: eos.saveddata.fit: Starting fit calculation on: Fit(ID=28, ship=Tristan, name=Trista RDrone 75km 8m) at 0x1f3ca3f7750, calc: LOCAL
[2024-03-28 22:23:58.327166] INFO: eos.saveddata.fit: Fit is not yet calculated; will be running local calcs for Fit(ID=28, ship=Tristan, name=Trista RDrone 75km 8m) at 0x1f3ca3f7750
[2024-03-28 22:23:58.346115] DEBUG: eos.saveddata.fit: Done with fit calculation
[2024-03-28 22:23:58.347114] INFO: service.fit: ==========recalc time: 0.02094411849975586==========
[2024-03-28 22:24:01.048416] DEBUG: service.fit: Changing character (6) for fit ID: 28
[2024-03-28 22:24:01.054400] INFO: service.fit: ==========recalc: Trista RDrone 75km 8m==========
[2024-03-28 22:24:01.055397] INFO: eos.saveddata.fit: Starting fit calculation on: Fit(ID=28, ship=Tristan, name=Trista RDrone 75km 8m) at 0x1f3ca3f7750, calc: LOCAL
[2024-03-28 22:24:01.055397] INFO: eos.saveddata.fit: Fit is not yet calculated; will be running local calcs for Fit(ID=28, ship=Tristan, name=Trista RDrone 75km 8m) at 0x1f3ca3f7750
[2024-03-28 22:24:01.075344] DEBUG: eos.saveddata.fit: Done with fit calculation
[2024-03-28 22:24:01.075344] INFO: service.fit: ==========recalc time: 0.02094411849975586==========
[2024-03-28 22:24:02.922014] DEBUG: service.fit: Changing character (3) for fit ID: 28
[2024-03-28 22:24:02.922014] INFO: service.fit: ==========recalc: Trista RDrone 75km 8m==========
[2024-03-28 22:24:02.922014] INFO: eos.saveddata.fit: Starting fit calculation on: Fit(ID=28, ship=Tristan, name=Trista RDrone 75km 8m) at 0x1f3ca3f7750, calc: LOCAL
[2024-03-28 22:24:02.922014] INFO: eos.saveddata.fit: Fit is not yet calculated; will be running local calcs for Fit(ID=28, ship=Tristan, name=Trista RDrone 75km 8m) at 0x1f3ca3f7750
[2024-03-28 22:24:02.938970] DEBUG: eos.saveddata.fit: Done with fit calculation
[2024-03-28 22:24:02.938970] INFO: service.fit: ==========recalc time: 0.01695561408996582==========
[2024-03-28 22:24:21.719699] DEBUG: service.fit: Changing character (8) for fit ID: 28
[2024-03-28 22:24:21.720727] INFO: service.fit: ==========recalc: Trista RDrone 75km 8m==========
[2024-03-28 22:24:21.720727] INFO: eos.saveddata.fit: Starting fit calculation on: Fit(ID=28, ship=Tristan, name=Trista RDrone 75km 8m) at 0x1f3ca3f7750, calc: LOCAL
[2024-03-28 22:24:21.720727] INFO: eos.saveddata.fit: Fit is not yet calculated; will be running local calcs for Fit(ID=28, ship=Tristan, name=Trista RDrone 75km 8m) at 0x1f3ca3f7750
[2024-03-28 22:24:21.737654] DEBUG: eos.saveddata.fit: Done with fit calculation
[2024-03-28 22:24:21.737654] INFO: service.fit: ==========recalc time: 0.016927480697631836==========
[2024-03-28 22:24:31.744440] DEBUG: service.fit: Changing character (3) for fit ID: 28
[2024-03-28 22:24:31.744440] INFO: service.fit: ==========recalc: Trista RDrone 75km 8m==========
[2024-03-28 22:24:31.744440] INFO: eos.saveddata.fit: Starting fit calculation on: Fit(ID=28, ship=Tristan, name=Trista RDrone 75km 8m) at 0x1f3ca3f7750, calc: LOCAL
[2024-03-28 22:24:31.745440] INFO: eos.saveddata.fit: Fit is not yet calculated; will be running local calcs for Fit(ID=28, ship=Tristan, name=Trista RDrone 75km 8m) at 0x1f3ca3f7750
[2024-03-28 22:24:31.761397] DEBUG: eos.saveddata.fit: Done with fit calculation
[2024-03-28 22:24:31.761397] INFO: service.fit: ==========recalc time: 0.016956806182861328==========
[2024-03-28 22:24:36.376436] DEBUG: service.fit: Changing character (8) for fit ID: 28
[2024-03-28 22:24:36.376436] INFO: service.fit: ==========recalc: Trista RDrone 75km 8m==========
[2024-03-28 22:24:36.376436] INFO: eos.saveddata.fit: Starting fit calculation on: Fit(ID=28, ship=Tristan, name=Trista RDrone 75km 8m) at 0x1f3ca3f7750, calc: LOCAL
[2024-03-28 22:24:36.376436] INFO: eos.saveddata.fit: Fit is not yet calculated; will be running local calcs for Fit(ID=28, ship=Tristan, name=Trista RDrone 75km 8m) at 0x1f3ca3f7750
[2024-03-28 22:24:36.393392] DEBUG: eos.saveddata.fit: Done with fit calculation
[2024-03-28 22:24:36.393392] INFO: service.fit: ==========recalc time: 0.016956329345703125==========
